i,j,name_i,name_j,distance_m,rssi_dbm,per,adjacent
0,1,0,1,14.1421,-71.3674,0,1
0,2,0,2,115.313,-112.801,1,0
0,3,0,3,362.829,-111.683,1,0
0,4,0,4,630.052,-124.966,1,0
0,5,0,5,970.152,-91.4176,0,1
0,6,0,6,1481.39,-100.215,0.0015,1
0,7,0,7,38.2099,-75.413,0,1
0,8,0,8,58.8982,-107.04,1,0
0,9,0,9,77.1557,-75.2938,0,1
0,10,0,10,99.7647,-81.0993,0,1
0,11,0,11,125.252,-77.3254,0,1
0,12,0,12,147.187,-90.8968,0,1
0,13,0,13,173.358,-83.9055,0,1
0,14,0,14,208.01,-93.5543,0,1
0,15,0,15,234.293,-92.8938,0,1
0,16,0,16,250.639,-106.447,1,0
0,17,0,17,269.676,-96.1637,0,1
0,18,0,18,287.367,-118.267,1,0
0,19,0,19,319.081,-103.307,0.15,1
0,20,0,20,347.922,-116.358,1,0
0,21,0,21,369.899,-99.8056,0.0015,1
0,22,0,22,397.434,-96.1925,0,1
0,23,0,23,425.763,-111.668,1,0
0,24,0,24,457.542,-105.867,1,0
0,25,0,25,487.222,-93.6088,0,1
0,26,0,26,513.361,-103.623,0.4,1
0,27,0,27,541.66,-121.475,1,0
0,28,0,28,565.701,-95.911,0,1
0,29,0,29,591.156,-88.2058,0,1
0,30,0,30,619.427,-108.893,1,0
0,31,0,31,647.716,-114.723,1,0
0,32,0,32,670.433,-124.762,1,0
0,33,0,33,689.534,-105.14,0.8,0
0,34,0,34,717.207,-107.077,1,0
0,35,0,35,739.024,-111.397,1,0
0,36,0,36,768.719,-106.62,1,0
0,37,0,37,790.069,-95.245,0,1
0,38,0,38,812.69,-127.44,1,0
0,39,0,39,839.422,-98.0799,0,1
0,40,0,40,857.055,-121.472,1,0
0,41,0,41,883.894,-122.634,1,0
0,42,0,42,909.449,-119.491,1,0
0,43,0,43,938.363,-129.854,1,0
0,44,0,44,965.207,-123.479,1,0
0,45,0,45,981.473,-104.051,0.4,1
0,46,0,46,999.142,-95.3808,0,1
0,47,0,47,1022.49,-119.562,1,0
0,48,0,48,1055.03,-112.868,1,0
0,49,0,49,1083.33,-127.427,1,0
0,50,0,50,1103.8,-127.135,1,0
0,51,0,51,1129.3,-128.517,1,0
0,52,0,52,1148.45,-126.044,1,0
0,53,0,53,1180.25,-96.5175,0,1
0,54,0,54,1214.91,-126.551,1,0
0,55,0,55,1242.41,-95.1237,0,1
0,56,0,56,1261.49,-104.616,0.8,0
0,57,0,57,1281.29,-100.622,0.006,1
0,58,0,58,1310.31,-96.3934,0,1
0,59,0,59,1339.98,-129.344,1,0
0,60,0,60,1369.7,-121.23,1,0
0,61,0,61,1393.84,-98.4943,0,1
0,62,0,62,1418.49,-118.435,1,0
0,63,0,63,1443.93,-111.711,1,0
0,64,0,64,1466.55,-121.868,1,0
0,65,0,65,1497.65,-133.5,1,0
0,66,0,66,1529.48,-111.839,1,0
0,67,0,67,1559.88,-116.865,1,0
0,68,0,68,1583.24,-103.569,0.4,1
0,69,0,69,1607.27,-123.473,1,0
0,70,0,70,1627.81,-107.493,1,0
0,71,0,71,1648.29,-108.638,1,0
0,72,0,72,1665.25,-101.791,0.03,1
0,73,0,73,1685.77,-123.672,1,0
0,74,0,74,1711.98,-127.679,1,0
0,75,0,DSO,14.1421,-88.0715,0,1
0,76,0,Market,14.1421,-71.1881,0,1
1,2,1,2,101.178,-72.5095,0,1
1,3,1,3,348.69,-83.8919,0,1
1,4,1,4,615.91,-117.472,1,0
1,5,1,5,956.009,-116.247,1,0
1,6,1,6,1467.25,-134.561,1,0
1,7,1,7,24.0832,-85.7359,0,1
1,8,1,8,44.8219,-94.6326,0,1
1,9,1,9,63.0317,-79.6072,0,1
1,10,1,10,85.6329,-81.5468,0,1
1,11,1,11,111.212,-90.4446,0,1
1,12,1,12,133.056,-105.728,1,0
1,13,1,13,159.226,-84.6015,0,1
1,14,1,14,193.876,-81.5557,0,1
1,15,1,15,220.166,-81.4658,0,1
1,16,1,16,236.516,-97.0692,0,1
1,17,1,17,255.548,-98.5952,0,1
1,18,1,18,273.24,-116.751,1,0
1,19,1,19,304.948,-85.2076,0,1
1,20,1,20,333.781,-93.89,0,1
1,21,1,21,355.76,-118.834,1,0
1,22,1,22,383.294,-94.8579,0,1
1,23,1,23,411.624,-88.7458,0,1
1,24,1,24,443.402,-89.8133,0,1
1,25,1,25,473.08,-106.167,1,0
1,26,1,26,499.219,-86.4167,0,1
1,27,1,27,527.519,-89.4659,0,1
1,28,1,28,551.56,-113.661,1,0
1,29,1,29,577.015,-123.574,1,0
1,30,1,30,605.285,-95.7805,0,1
1,31,1,31,633.574,-124.13,1,0
1,32,1,32,656.293,-98.64,0,1
1,33,1,33,675.394,-100.225,0.0015,1
1,34,1,34,703.069,-108.279,1,0
1,35,1,35,724.884,-112.257,1,0
1,36,1,36,754.579,-91.3648,0,1
1,37,1,37,775.931,-112.109,1,0
1,38,1,38,798.552,-112.687,1,0
1,39,1,39,825.281,-114.566,1,0
1,40,1,40,842.914,-96.061,0,1
1,41,1,41,869.752,-128.726,1,0
1,42,1,42,895.309,-114.288,1,0
1,43,1,43,924.221,-101.431,0.03,1
1,44,1,44,951.065,-119.231,1,0
1,45,1,45,967.331,-100.628,0.006,1
1,46,1,46,985,-95.6383,0,1
1,47,1,47,1008.34,-113.086,1,0
1,48,1,48,1040.89,-108.587,1,0
1,49,1,49,1069.19,-130.255,1,0
1,50,1,50,1089.66,-120.198,1,0
1,51,1,51,1115.16,-112.345,1,0
1,52,1,52,1134.31,-109.338,1,0
1,53,1,53,1166.11,-114.635,1,0
1,54,1,54,1200.77,-95.2635,0,1
1,55,1,55,1228.27,-124.081,1,0
1,56,1,56,1247.34,-115.032,1,0
1,57,1,57,1267.15,-95.5466,0,1
1,58,1,58,1296.17,-120.481,1,0
1,59,1,59,1325.83,-99.7246,0.0015,1
1,60,1,60,1355.55,-114.914,1,0
1,61,1,61,1379.7,-126.168,1,0
1,62,1,62,1404.35,-132.409,1,0
1,63,1,63,1429.79,-95.9737,0,1
1,64,1,64,1452.4,-118.38,1,0
1,65,1,65,1483.51,-130.427,1,0
1,66,1,66,1515.34,-131.422,1,0
1,67,1,67,1545.74,-117.09,1,0
1,68,1,68,1569.1,-101.088,0.006,1
1,69,1,69,1593.12,-113.64,1,0
1,70,1,70,1613.67,-101.404,0.03,1
1,71,1,71,1634.15,-131.627,1,0
1,72,1,72,1651.11,-128.327,1,0
1,73,1,73,1671.63,-111.242,1,0
1,74,1,74,1697.84,-112.181,1,0
1,75,1,DSO,28.2843,-82.2441,0,1
1,76,1,Market,28.2843,-67.3213,0,1
2,3,2,3,247.524,-105.64,1,0
2,4,2,4,514.844,-123.01,1,0
2,5,2,5,854.906,-104.765,0.8,0
2,6,2,6,1366.13,-108.297,1,0
2,7,2,7,77.1038,-92.2581,0,1
2,8,2,8,57.2014,-96.8568,0,1
2,9,2,9,38.833,-88.9737,0,1
2,10,2,10,15.5563,-84.5543,0,1
2,11,2,11,14.0357,-59.6735,0,1
2,12,2,12,31.8904,-97.0817,0,1
2,13,2,13,58.0517,-94.5607,0,1
2,14,2,14,92.6984,-95.9645,0,1
2,15,2,15,119.004,-99.0974,0,1
2,16,2,16,135.37,-104.344,0.4,1
2,17,2,17,154.383,-89.6057,0,1
2,18,2,18,172.073,-90.3464,0,1
2,19,2,19,203.769,-108.388,1,0
2,20,2,20,232.639,-89.807,0,1
2,21,2,21,254.594,-94.0544,0,1
2,22,2,22,282.144,-116.521,1,0
2,23,2,23,310.459,-111.628,1,0
2,24,2,24,342.251,-99.4868,0.0015,1
2,25,2,25,371.941,-118.339,1,0
2,26,2,26,398.107,-122.27,1,0
2,27,2,27,426.386,-84.739,0,1
2,28,2,28,450.494,-111.288,1,0
2,29,2,29,475.883,-105.151,0.8,0
2,30,2,30,504.172,-110.596,1,0
2,31,2,31,532.489,-89.1541,0,1
2,32,2,32,555.277,-91.1562,0,1
2,33,2,33,574.381,-118.338,1,0
2,34,2,34,602.097,-125.249,1,0
2,35,2,35,623.862,-90.1407,0,1
2,36,2,36,653.552,-105.978,1,0
2,37,2,37,674.959,-102.474,0.15,1
2,38,2,38,697.574,-111.684,1,0
2,39,2,39,724.244,-126.547,1,0
2,40,2,40,741.852,-105.408,1,0
2,41,2,41,768.664,-104.583,0.8,0
2,42,2,42,794.278,-99.1567,0,1
2,43,2,43,823.15,-120.503,1,0
2,44,2,44,849.972,-126.399,1,0
2,45,2,45,866.241,-121.293,1,0
2,46,2,46,883.894,-113.551,1,0
2,47,2,47,907.218,-102.885,0.15,1
2,48,2,48,939.752,-91.2513,0,1
2,49,2,49,968.05,-122.304,1,0
2,50,2,50,988.536,-116.262,1,0
2,51,2,51,1014.02,-97.9143,0,1
2,52,2,52,1033.15,-105.025,0.8,0
2,53,2,53,1064.96,-115.368,1,0
2,54,2,54,1099.62,-113.583,1,0
2,55,2,55,1127.14,-93.0761,0,1
2,56,2,56,1146.22,-128.299,1,0
2,57,2,57,1166.02,-121.372,1,0
2,58,2,58,1195.03,-107.515,1,0
2,59,2,59,1224.71,-112.263,1,0
2,60,2,60,1254.42,-129.986,1,0
2,61,2,61,1278.54,-124.394,1,0
2,62,2,62,1303.21,-118.911,1,0
2,63,2,63,1328.66,-112.84,1,0
2,64,2,64,1351.28,-94.924,0,1
2,65,2,65,1382.4,-105.249,0.8,0
2,66,2,66,1414.21,-131.864,1,0
2,67,2,67,1444.62,-128.139,1,0
2,68,2,68,1468.01,-122.647,1,0
2,69,2,69,1492.03,-117.205,1,0
2,70,2,70,1512.59,-135.164,1,0
2,71,2,71,1533.06,-98.1906,0,1
2,72,2,72,1550.02,-102.377,0.15,1
2,73,2,73,1570.54,-114.496,1,0
2,74,2,74,1596.77,-101.226,0.006,1
2,75,2,DSO,129.449,-103.629,0.4,1
2,76,2,Market,129.449,-111.222,1,0
3,4,3,4,267.589,-87.9038,0,1
3,5,3,5,607.474,-115.219,1,0
3,6,3,6,1118.67,-111.223,1,0
3,7,3,7,324.624,-84.5438,0,1
3,8,3,8,304.322,-90.5574,0,1
3,9,3,9,285.895,-111.019,1,0
3,10,3,10,263.078,-100.408,0.006,1
3,11,3,11,238.38,-109.377,1,0
3,12,3,12,215.678,-86.6951,0,1
3,13,3,13,189.51,-114.15,1,0
3,14,3,14,154.858,-77.447,0,1
3,15,3,15,128.725,-102.33,0.03,1
3,16,3,16,112.539,-93.4567,0,1
3,17,3,17,93.4345,-76.0572,0,1
3,18,3,18,75.8222,-76.1633,0,1
3,19,3,19,43.9318,-65.327,0,1
3,20,3,20,15.2643,-71.2023,0,1
3,21,3,21,7.07107,-49.7143,0,1
3,22,3,22,34.7131,-66.7807,0,1
3,23,3,23,62.9365,-68.7865,0,1
3,24,3,24,94.7629,-91.6014,0,1
3,25,3,25,124.483,-83.4268,0,1
3,26,3,26,150.748,-79.3267,0,1
3,27,3,27,178.933,-111.131,1,0
3,28,3,28,203.295,-89.3875,0,1
3,29,3,29,228.423,-100.404,0.006,1
3,30,3,30,256.759,-89.137,0,1
3,31,3,31,285.161,-102.891,0.15,1
3,32,3,32,308.183,-120.159,1,0
3,33,3,33,327.283,-115.656,1,0
3,34,3,34,355.124,-93.8166,0,1
3,35,3,35,376.701,-88.1631,0,1
3,36,3,36,406.362,-93.1994,0,1
3,37,3,37,427.937,-95.4711,0,1
3,38,3,38,450.522,-88.4128,0,1
3,39,3,39,477.001,-108.677,1,0
3,40,3,40,494.535,-108.363,1,0
3,41,3,41,521.276,-124.801,1,0
3,42,3,42,547.033,-103.154,0.15,1
3,43,3,43,575.795,-109.323,1,0
3,44,3,44,602.561,-101.99,0.03,1
3,45,3,45,618.835,-88.2536,0,1
3,46,3,46,636.453,-120.271,1,0
3,47,3,47,659.74,-120.089,1,0
3,48,3,48,692.258,-100.072,0.0015,1
3,49,3,49,720.545,-98.1484,0,1
3,50,3,50,741.053,-117.769,1,0
3,51,3,51,766.509,-121.651,1,0
3,52,3,52,785.634,-114.099,1,0
3,53,3,53,817.446,-105.44,1,0
3,54,3,54,852.099,-107.362,1,0
3,55,3,55,879.641,-125.104,1,0
3,56,3,56,898.74,-120.824,1,0
3,57,3,57,918.534,-120.823,1,0
3,58,3,58,947.527,-108.321,1,0
3,59,3,59,977.226,-113.726,1,0
3,60,3,60,1006.92,-108.871,1,0
3,61,3,61,1031.02,-97.3998,0,1
3,62,3,62,1055.71,-106.623,1,0
3,63,3,63,1081.17,-94.7508,0,1
3,64,3,64,1103.8,-98.6675,0,1
3,65,3,65,1134.92,-97.6293,0,1
3,66,3,66,1166.73,-130.503,1,0
3,67,3,67,1197.16,-95.0213,0,1
3,68,3,68,1220.58,-130.064,1,0
3,69,3,69,1244.59,-97.8765,0,1
3,70,3,70,1265.18,-124.998,1,0
3,71,3,71,1285.63,-102.887,0.15,1
3,72,3,72,1302.58,-118.625,1,0
3,73,3,73,1323.11,-122.628,1,0
3,74,3,74,1349.37,-95.7188,0,1
3,75,3,DSO,376.968,-105.591,1,0
3,76,3,Market,376.968,-109.375,1,0
4,5,4,5,340.137,-82.8115,0,1
4,6,4,6,851.375,-95.4694,0,1
4,7,4,7,591.883,-89.9999,0,1
4,8,4,8,571.342,-98.5885,0,1
4,9,4,9,552.959,-125.221,1,0
4,10,4,10,530.398,-100.601,0.006,1
4,11,4,11,505.942,-108.482,1,0
4,12,4,12,483.07,-96.3422,0,1
4,13,4,13,456.931,-93.0049,0,1
4,14,4,14,422.314,-87.1477,0,1
4,15,4,15,396.285,-93.7294,0,1
4,16,4,16,380.128,-89.3603,0,1
4,17,4,17,361.024,-112.58,1,0
4,18,4,18,343.402,-88.857,0,1
4,19,4,19,311.516,-89.363,0,1
4,20,4,20,282.285,-118.238,1,0
4,21,4,21,260.526,-103.248,0.15,1
4,22,4,22,232.88,-93.8642,0,1
4,23,4,23,204.795,-116.703,1,0
4,24,4,24,172.905,-78.4331,0,1
4,25,4,25,143.178,-108.667,1,0
4,26,4,26,116.846,-102.667,0.15,1
4,27,4,27,88.8651,-80.2447,0,1
4,28,4,28,64.3506,-79.7945,0,1
4,29,4,29,39.9625,-83.46,0,1
4,30,4,30,12.3693,-61.6974,0,1
4,31,4,31,17.8045,-81.485,0,1
4,32,4,32,40.8044,-103.161,0.15,1
4,33,4,33,59.8164,-100.372,0.006,1
4,34,4,34,87.8009,-106.267,1,0
4,35,4,35,109.124,-78.7062,0,1
4,36,4,36,138.773,-104.896,0.8,0
4,37,4,37,160.431,-76.525,0,1
4,38,4,38,182.981,-102.969,0.15,1
4,39,4,39,209.423,-80.8976,0,1
4,40,4,40,227.009,-80.3844,0,1
4,41,4,41,253.852,-99.2216,0,1
4,42,4,42,279.458,-113.158,1,0
4,43,4,43,308.312,-105.709,1,0
4,44,4,44,335.172,-112.684,1,0
4,45,4,45,351.433,-105.347,0.8,0
4,46,4,46,369.134,-101.231,0.006,1
4,47,4,47,392.552,-96.2486,0,1
4,48,4,48,425.141,-105.52,1,0
4,49,4,49,453.499,-124.352,1,0
4,50,4,50,473.865,-89.5627,0,1
4,51,4,51,499.46,-108.836,1,0
4,52,4,52,518.715,-91.8161,0,1
4,53,4,53,550.485,-101.697,0.03,1
4,54,4,54,585.137,-107.373,1,0
4,55,4,55,612.487,-109.456,1,0
4,56,4,56,631.513,-96.3099,0,1
4,57,4,57,651.332,-117.766,1,0
4,58,4,58,680.415,-124.989,1,0
4,59,4,59,710.004,-115.471,1,0
4,60,4,60,739.769,-107.544,1,0
4,61,4,61,764.054,-99.9355,0.0015,1
4,62,4,62,788.564,-94.9036,0,1
4,63,4,63,813.969,-92.5418,0,1
4,64,4,64,836.558,-120.696,1,0
4,65,4,65,867.643,-105.246,0.8,0
4,66,4,66,899.494,-99.2655,0,1
4,67,4,67,929.859,-116.233,1,0
4,68,4,68,953.189,-94.2301,0,1
4,69,4,69,977.223,-99.883,0.0015,1
4,70,4,70,997.758,-95.4735,0,1
4,71,4,71,1018.24,-121.943,1,0
4,72,4,72,1035.21,-98.465,0,1
4,73,4,73,1055.72,-94.8087,0,1
4,74,4,74,1081.93,-106.619,1,0
4,75,4,DSO,644.193,-98.2691,0,1
4,76,4,Market,644.193,-91.6688,0,1
5,6,5,6,511.243,-118.039,1,0
5,7,5,7,931.971,-96.7948,0,1
5,8,5,8,911.467,-98.6084,0,1
5,9,5,9,893.078,-127.935,1,0
5,10,5,10,870.463,-116.05,1,0
5,11,5,11,845.843,-113.285,1,0
5,12,5,12,823.103,-110.972,1,0
5,13,5,13,796.947,-123.291,1,0
5,14,5,14,762.308,-126.311,1,0
5,15,5,15,736.196,-113.948,1,0
5,16,5,16,719.974,-99.3544,0,1
5,17,5,17,700.872,-101.57,0.03,1
5,18,5,18,683.212,-91.0058,0,1
5,19,5,19,651.356,-117.073,1,0
5,20,5,20,622.28,-116.959,1,0
5,21,5,21,600.404,-108.155,1,0
5,22,5,22,572.8,-117.723,1,0
5,23,5,23,544.562,-115.87,1,0
5,24,5,24,512.711,-122.186,1,0
5,25,5,25,482.996,-91.9713,0,1
5,26,5,26,456.8,-122.15,1,0
5,27,5,27,428.544,-111.798,1,0
5,28,5,28,404.475,-84.3721,0,1
5,29,5,29,379.051,-100.323,0.0015,1
5,30,5,30,350.736,-91.9503,0,1
5,31,5,31,322.444,-110.988,1,0
5,32,5,32,299.977,-105.889,1,0
5,33,5,33,280.922,-110.901,1,0
5,34,5,34,253.622,-117.721,1,0
5,35,5,35,231.467,-94.8704,0,1
5,36,5,36,201.804,-115.782,1,0
5,37,5,37,181.177,-113.846,1,0
5,38,5,38,158.673,-97.9524,0,1
5,39,5,39,131.244,-82.1782,0,1
5,40,5,40,113.358,-109.389,1,0
5,41,5,41,86.3134,-70.7179,0,1
5,42,5,42,62.1289,-93.2047,0,1
5,43,5,43,32.45,-98.9545,0,1
5,44,5,44,5.38516,-61.9005,0,1
5,45,5,45,11.6619,-64.7921,0,1
5,46,5,46,29,-80.3638,0,1
5,47,5,47,52.6308,-72.7791,0,1
5,48,5,48,85.276,-94.4652,0,1
5,49,5,49,113.701,-73.7556,0,1
5,50,5,50,133.795,-96.1869,0,1
5,51,5,51,159.552,-93.8143,0,1
5,52,5,52,178.997,-113.78,1,0
5,53,5,53,210.64,-110.481,1,0
5,54,5,54,245.247,-116.218,1,0
5,55,5,55,272.391,-95.1151,0,1
5,56,5,56,291.383,-96.7605,0,1
5,57,5,57,311.207,-105.905,1,0
5,58,5,58,340.331,-120.845,1,0
5,59,5,59,369.872,-84.4311,0,1
5,60,5,60,399.656,-90.6682,0,1
5,61,5,61,424.053,-98.4077,0,1
5,62,5,62,448.448,-89.7636,0,1
5,63,5,63,473.838,-88.3296,0,1
5,64,5,64,496.421,-90.9964,0,1
5,65,5,65,527.509,-113.848,1,0
5,66,5,66,559.358,-106.856,1,0
5,67,5,67,589.729,-87.5978,0,1
5,68,5,68,613.111,-88.288,0,1
5,69,5,69,637.122,-106.142,1,0
5,70,5,70,657.707,-125.956,1,0
5,71,5,71,678.16,-126.756,1,0
5,72,5,72,695.115,-121.602,1,0
5,73,5,73,715.642,-102.138,0.03,1
5,74,5,74,741.904,-89.6839,0,1
5,75,5,DSO,984.294,-110.422,1,0
5,76,5,Market,984.294,-98.5865,0,1
6,7,6,7,1443.21,-99.0784,0,1
6,8,6,8,1422.71,-108.021,1,0
6,9,6,9,1404.32,-114.749,1,0
6,10,6,10,1381.69,-99.7243,0.0015,1
6,11,6,11,1357,-129.755,1,0
6,12,6,12,1334.32,-126.561,1,0
6,13,6,13,1308.16,-115.385,1,0
6,14,6,14,1273.52,-107.566,1,0
6,15,6,15,1247.38,-104.855,0.8,0
6,16,6,16,1231.13,-131.087,1,0
6,17,6,17,1212.03,-107.53,1,0
6,18,6,18,1194.36,-116.5,1,0
6,19,6,19,1162.53,-128.835,1,0
6,20,6,20,1133.5,-127.918,1,0
6,21,6,21,1111.59,-102.255,0.03,1
6,22,6,22,1084.01,-126.166,1,0
6,23,6,23,1055.74,-93.1027,0,1
6,24,6,24,1023.91,-128.097,1,0
6,25,6,25,994.201,-130.255,1,0
6,26,6,26,968.029,-109.789,1,0
6,27,6,27,939.752,-108.335,1,0
6,28,6,28,915.717,-112.765,1,0
6,29,6,29,890.254,-104.518,0.8,0
6,30,6,30,861.963,-122.33,1,0
6,31,6,31,833.686,-113.179,1,0
6,32,6,32,811.141,-101.287,0.006,1
6,33,6,33,792.062,-94.7124,0,1
6,34,6,34,764.587,-108.955,1,0
6,35,6,35,742.571,-127.093,1,0
6,36,6,36,712.877,-112.701,1,0
6,37,6,37,691.834,-101.021,0.006,1
6,38,6,38,669.216,-88.8089,0,1
6,39,6,39,642.179,-125.943,1,0
6,40,6,40,624.443,-111.325,1,0
6,41,6,41,597.526,-95.9391,0,1
6,42,6,42,572.242,-104.175,0.4,1
6,43,6,43,543.124,-96.3222,0,1
6,44,6,44,516.205,-118.227,1,0
6,45,6,45,499.949,-120.207,1,0
6,46,6,46,482.249,-97.9514,0,1
6,47,6,47,458.926,-94.3218,0,1
6,48,6,48,426.433,-119.989,1,0
6,49,6,49,398.207,-116.282,1,0
6,50,6,50,377.619,-106.332,1,0
6,51,6,51,352.278,-104.37,0.4,1
6,52,6,52,333.378,-89.4954,0,1
6,53,6,53,301.559,-88.9141,0,1
6,54,6,54,266.993,-111.723,1,0
6,55,6,55,239.107,-102.802,0.15,1
6,56,6,56,219.939,-103.003,0.15,1
6,57,6,57,200.172,-79.6298,0,1
6,58,6,58,171.406,-78.5131,0,1
6,59,6,59,141.485,-75.3253,0,1
6,60,6,60,112.045,-89.4718,0,1
6,61,6,61,89.5879,-72.7096,0,1
6,62,6,62,63.6003,-94.9081,0,1
6,63,6,63,38.0132,-79.2515,0,1
6,64,6,64,15.2643,-92.0938,0,1
6,65,6,65,16.2788,-78.9848,0,1
6,66,6,66,48.2701,-65.3658,0,1
6,67,6,67,78.492,-104.273,0.4,1
6,68,6,68,102.303,-110.944,1,0
6,69,6,69,126.063,-105.134,0.8,0
6,70,6,70,146.986,-90.085,0,1
6,71,6,71,167.171,-86.3275,0,1
6,72,6,72,184.043,-115.926,1,0
6,73,6,73,204.629,-81.1857,0,1
6,74,6,74,231.141,-103.142,0.15,1
6,75,6,DSO,1495.53,-101.482,0.03,1
6,76,6,Market,1495.53,-128.326,1,0
7,8,7,8,21.4709,-66.6929,0,1
7,9,7,9,39.2046,-86.5314,0,1
7,10,7,10,61.5549,-84.1568,0,1
7,11,7,11,87.2009,-95.6097,0,1
7,12,7,12,108.977,-86.3305,0,1
7,13,7,13,135.148,-85.7155,0,1
7,14,7,14,169.8,-104.27,0.4,1
7,15,7,15,196.084,-100.998,0.006,1
7,16,7,16,212.434,-106.121,1,0
7,17,7,17,231.467,-108.967,1,0
7,18,7,18,249.159,-82.5947,0,1
7,19,7,19,280.872,-114.979,1,0
7,20,7,20,309.726,-82.9545,0,1
7,21,7,21,331.694,-112.294,1,0
7,22,7,22,359.235,-114.36,1,0
7,23,7,23,387.559,-111.365,1,0
7,24,7,24,419.344,-120.149,1,0
7,25,7,25,449.027,-119.301,1,0
7,26,7,26,475.176,-85.3998,0,1
7,27,7,27,503.468,-98.6229,0,1
7,28,7,28,527.532,-96.6893,0,1
7,29,7,29,552.965,-113.362,1,0
7,30,7,30,581.242,-105.658,1,0
7,31,7,31,609.541,-105.411,1,0
7,32,7,32,632.282,-102.087,0.03,1
7,33,7,33,651.384,-103.237,0.15,1
7,34,7,34,679.071,-97.9232,0,1
7,35,7,35,700.872,-105.021,0.8,0
7,36,7,36,730.565,-89.8761,0,1
7,37,7,37,751.934,-105.259,0.8,0
7,38,7,38,774.553,-110.724,1,0
7,39,7,39,801.265,-102.447,0.15,1
7,40,7,40,818.889,-95.1485,0,1
7,41,7,41,845.719,-115.097,1,0
7,42,7,42,871.294,-112.938,1,0
7,43,7,43,900.194,-107.973,1,0
7,44,7,44,927.03,-97.7313,0,1
7,45,7,45,943.297,-130.121,1,0
7,46,7,46,960.96,-108.173,1,0
7,47,7,47,984.297,-118.651,1,0
7,48,7,48,1016.84,-119.209,1,0
7,49,7,49,1045.14,-100.002,0.0015,1
7,50,7,50,1065.62,-103.184,0.15,1
7,51,7,51,1091.1,-109.502,1,0
7,52,7,52,1110.25,-92.9846,0,1
7,53,7,53,1142.06,-106.564,1,0
7,54,7,54,1176.71,-101.884,0.03,1
7,55,7,55,1204.22,-125.196,1,0
7,56,7,56,1223.3,-94.7051,0,1
7,57,7,57,1243.1,-128.766,1,0
7,58,7,58,1272.12,-131.162,1,0
7,59,7,59,1301.79,-130.121,1,0
7,60,7,60,1331.5,-125.447,1,0
7,61,7,61,1355.64,-120.828,1,0
7,62,7,62,1380.3,-115.179,1,0
7,63,7,63,1405.74,-105.443,1,0
7,64,7,64,1428.36,-95.4315,0,1
7,65,7,65,1459.47,-105.055,0.8,0
7,66,7,66,1491.29,-107.099,1,0
7,67,7,67,1521.69,-129.519,1,0
7,68,7,68,1545.06,-117.084,1,0
7,69,7,69,1569.09,-116.698,1,0
7,70,7,70,1589.64,-130.098,1,0
7,71,7,71,1610.12,-127.9,1,0
7,72,7,72,1627.08,-103.309,0.15,1
7,73,7,73,1647.6,-118.913,1,0
7,74,7,74,1673.82,-99.4922,0.0015,1
7,75,7,DSO,52.345,-95.3794,0,1
7,76,7,Market,52.345,-67.8246,0,1
8,9,8,9,18.4391,-77.7515,0,1
8,10,8,10,41.8808,-81.8688,0,1
8,11,8,11,68.4763,-99.2224,0,1
8,12,8,12,89.0225,-71.4389,0,1
8,13,8,13,115.109,-95.6527,0,1
8,14,8,14,149.683,-77.8609,0,1
8,15,8,15,176.051,-95.2174,0,1
8,16,8,16,192.44,-109.833,1,0
8,17,8,17,211.4,-91.8859,0,1
8,18,8,18,229.079,-104.328,0.4,1
8,19,8,19,260.68,-82.7267,0,1
8,20,8,20,289.353,-111.819,1,0
8,21,8,21,311.387,-96.6592,0,1
8,22,8,22,338.87,-110.504,1,0
8,23,8,23,367.234,-86.1601,0,1
8,24,8,24,398.969,-93.2234,0,1
8,25,8,25,428.621,-123.63,1,0
8,26,8,26,454.714,-86.6077,0,1
8,27,8,27,483.041,-92.6204,0,1
8,28,8,28,506.996,-97.025,0,1
8,29,8,29,532.531,-118.677,1,0
8,30,8,30,560.772,-121.256,1,0
8,31,8,31,589.024,-122.077,1,0
8,32,8,32,611.68,-90.3316,0,1
8,33,8,33,630.779,-115.21,1,0
8,34,8,34,658.426,-114.46,1,0
8,35,8,35,680.273,-111.11,1,0
8,36,8,36,709.97,-96.1962,0,1
8,37,8,37,731.285,-95.3968,0,1
8,38,8,38,753.908,-110.114,1,0
8,39,8,39,780.678,-108.201,1,0
8,40,8,40,798.331,-125.875,1,0
8,41,8,41,825.194,-103.814,0.4,1
8,42,8,42,850.699,-109.278,1,0
8,43,8,43,879.645,-99.564,0.0015,1
8,44,8,44,906.512,-124.705,1,0
8,45,8,45,922.775,-114.679,1,0
8,46,8,46,940.462,-124.694,1,0
8,47,8,47,963.83,-103.847,0.4,1
8,48,8,48,996.386,-97.216,0,1
8,49,8,49,1024.71,-128.54,1,0
8,50,8,50,1045.15,-113.672,1,0
8,51,8,51,1070.67,-128.655,1,0
8,52,8,52,1089.84,-111.107,1,0
8,53,8,53,1121.65,-102.958,0.15,1
8,54,8,54,1156.3,-101.685,0.03,1
8,55,8,55,1183.77,-97.5772,0,1
8,56,8,56,1202.82,-110.913,1,0
8,57,8,57,1222.63,-101.141,0.006,1
8,58,8,58,1251.68,-112.837,1,0
8,59,8,59,1281.32,-113.813,1,0
8,60,8,60,1311.05,-107.36,1,0
8,61,8,61,1335.23,-123.331,1,0
8,62,8,62,1359.85,-94.7025,0,1
8,63,8,63,1385.27,-102.835,0.15,1
8,64,8,64,1407.88,-114.866,1,0
8,65,8,65,1438.98,-104.759,0.8,0
8,66,8,66,1470.82,-121.953,1,0
8,67,8,67,1501.2,-129.272,1,0
8,68,8,68,1524.53,-97.5573,0,1
8,69,8,69,1548.56,-112.109,1,0
8,70,8,70,1569.09,-101.892,0.03,1
8,71,8,71,1589.58,-120.369,1,0
8,72,8,72,1606.55,-119.998,1,0
8,73,8,73,1627.06,-105.251,0.8,0
8,74,8,74,1653.25,-108.812,1,0
8,75,8,DSO,73,-73.0214,0,1
8,76,8,Market,73,-104.563,0.8,0
9,10,9,10,23.7065,-79.8078,0,1
9,11,9,11,50.5668,-97.3685,0,1
9,12,9,12,70.6045,-87.7385,0,1
9,13,9,13,96.6747,-80.0824,0,1
9,14,9,14,131.244,-80.1447,0,1
9,15,9,15,157.613,-83.6364,0,1
9,16,9,16,174.003,-101.36,0.006,1
9,17,9,17,192.961,-104.603,0.8,0
9,18,9,18,210.64,-99.9074,0.0015,1
9,19,9,19,242.244,-85.6099,0,1
9,20,9,20,270.934,-106.499,1,0
9,21,9,21,292.961,-101.427,0.03,1
9,22,9,22,320.451,-87.5733,0,1
9,23,9,23,348.811,-122.051,1,0
9,24,9,24,380.552,-113.346,1,0
9,25,9,25,410.21,-89.724,0,1
9,26,9,26,436.313,-93.3541,0,1
9,27,9,27,464.634,-86.9504,0,1
9,28,9,28,488.611,-106.23,1,0
9,29,9,29,514.125,-121.86,1,0
9,30,9,30,542.373,-117.774,1,0
9,31,9,31,570.636,-115.417,1,0
9,32,9,32,593.314,-88.0351,0,1
9,33,9,33,612.413,-99.8302,0.0015,1
9,34,9,34,640.073,-100.775,0.006,1
9,35,9,35,661.906,-103.81,0.4,1
9,36,9,36,691.602,-123.39,1,0
9,37,9,37,712.933,-91.9685,0,1
9,38,9,38,735.556,-122.797,1,0
9,39,9,39,762.308,-103.404,0.4,1
9,40,9,40,779.954,-111.055,1,0
9,41,9,41,806.809,-89.8522,0,1
9,42,9,42,832.332,-124.746,1,0
9,43,9,43,861.267,-115.364,1,0
9,44,9,44,888.126,-128.638,1,0
9,45,9,45,904.39,-98.8142,0,1
9,46,9,46,922.072,-124.028,1,0
9,47,9,47,945.434,-116.193,1,0
9,48,9,48,977.986,-125.647,1,0
9,49,9,49,1006.3,-104.589,0.8,0
9,50,9,50,1026.75,-95.8553,0,1
9,51,9,51,1052.27,-94.0115,0,1
9,52,9,52,1071.44,-118.328,1,0
9,53,9,53,1103.24,-121.464,1,0
9,54,9,54,1137.89,-120.939,1,0
9,55,9,55,1165.37,-123.376,1,0
9,56,9,56,1184.43,-117.556,1,0
9,57,9,57,1204.24,-109.543,1,0
9,58,9,58,1233.28,-125.482,1,0
9,59,9,59,1262.92,-121.877,1,0
9,60,9,60,1292.65,-95.2887,0,1
9,61,9,61,1316.83,-117.481,1,0
9,62,9,62,1341.45,-125.037,1,0
9,63,9,63,1366.88,-133.173,1,0
9,64,9,64,1389.49,-123.802,1,0
9,65,9,65,1420.59,-106.881,1,0
9,66,9,66,1452.42,-105.306,0.8,0
9,67,9,67,1482.81,-107.648,1,0
9,68,9,68,1506.15,-105.516,1,0
9,69,9,69,1530.18,-104.43,0.8,0
9,70,9,70,1550.71,-120.779,1,0
9,71,9,71,1571.2,-122.494,1,0
9,72,9,72,1588.17,-109.506,1,0
9,73,9,73,1608.68,-126.962,1,0
9,74,9,74,1634.88,-127.809,1,0
9,75,9,DSO,91.2853,-91.3907,0,1
9,76,9,Market,91.2853,-88.7301,0,1
10,11,10,11,26.9258,-84.8902,0,1
10,12,10,12,47.4236,-96.5061,0,1
10,13,10,13,73.5935,-70.8394,0,1
10,14,10,14,108.245,-111.983,1,0
10,15,10,15,134.536,-92.097,0,1
10,16,10,16,150.894,-87.2596,0,1
10,17,10,17,169.918,-115.001,1,0
10,18,10,18,187.609,-82.8615,0,1
10,19,10,19,219.317,-92.8801,0,1
10,20,10,20,248.195,-115.624,1,0
10,21,10,21,270.148,-102.47,0.15,1
10,22,10,22,297.7,-102.814,0.15,1
10,23,10,23,326.014,-98.3951,0,1
10,24,10,24,357.807,-121.739,1,0
10,25,10,25,387.497,-122.083,1,0
10,26,10,26,413.663,-109.473,1,0
10,27,10,27,441.942,-92.7058,0,1
10,28,10,28,466.048,-124.801,1,0
10,29,10,29,491.44,-125.219,1,0
10,30,10,30,519.728,-107.835,1,0
10,31,10,31,548.045,-112.821,1,0
10,32,10,32,570.828,-107.863,1,0
10,33,10,33,589.932,-119.455,1,0
10,34,10,34,617.645,-92.9081,0,1
10,35,10,35,639.414,-106.118,1,0
10,36,10,36,669.104,-102.414,0.15,1
10,37,10,37,690.507,-123.952,1,0
10,38,10,38,713.123,-89.7882,0,1
10,39,10,39,739.797,-110.416,1,0
10,40,10,40,757.407,-95.6786,0,1
10,41,10,41,784.22,-112.656,1,0
10,42,10,42,809.83,-119.67,1,0
10,43,10,43,838.705,-126.848,1,0
10,44,10,44,865.528,-91.6378,0,1
10,45,10,45,881.796,-103.149,0.15,1
10,46,10,46,899.45,-105.417,1,0
10,47,10,47,922.775,-120.024,1,0
10,48,10,48,955.308,-125.773,1,0
10,49,10,49,983.606,-123.742,1,0
10,50,10,50,1004.09,-119.419,1,0
10,51,10,51,1029.57,-111.132,1,0
10,52,10,52,1048.71,-119.727,1,0
10,53,10,53,1080.52,-111.852,1,0
10,54,10,54,1115.17,-100.169,0.0015,1
10,55,10,55,1142.69,-126.491,1,0
10,56,10,56,1161.78,-110.655,1,0
10,57,10,57,1181.58,-115.347,1,0
10,58,10,58,1210.59,-116.599,1,0
10,59,10,59,1240.27,-104.342,0.4,1
10,60,10,60,1269.98,-133.342,1,0
10,61,10,61,1294.1,-113.385,1,0
10,62,10,62,1318.77,-102.236,0.03,1
10,63,10,63,1344.21,-105.279,0.8,0
10,64,10,64,1366.84,-104.3,0.4,1
10,65,10,65,1397.95,-103.602,0.4,1
10,66,10,66,1429.77,-105.268,0.8,0
10,67,10,67,1460.18,-120.834,1,0
10,68,10,68,1483.56,-125.109,1,0
10,69,10,69,1507.58,-132.087,1,0
10,70,10,70,1528.14,-113.639,1,0
10,71,10,71,1548.62,-103.494,0.4,1
10,72,10,72,1565.58,-97.8469,0,1
10,73,10,73,1586.1,-130.877,1,0
10,74,10,74,1612.33,-116.166,1,0
10,75,10,DSO,113.899,-91.4389,0,1
10,76,10,Market,113.899,-81.285,0,1
11,12,11,12,24.1661,-88.3395,0,1
11,13,11,13,49.4065,-97.4961,0,1
11,14,11,14,83.7377,-82.2495,0,1
11,15,11,15,109.659,-84.3703,0,1
11,16,11,16,125.873,-93.2351,0,1
11,17,11,17,144.972,-76.0062,0,1
11,18,11,18,162.641,-84.0478,0,1
11,19,11,19,194.487,-101.191,0.006,1
11,20,11,20,223.665,-82.2128,0,1
11,21,11,21,245.449,-113.229,1,0
11,22,11,22,273.075,-87.0294,0,1
11,23,11,23,301.281,-96.4963,0,1
11,24,11,24,333.138,-102.249,0.03,1
11,25,11,25,362.862,-112.865,1,0
11,26,11,26,389.117,-114.981,1,0
11,27,11,27,417.31,-104.531,0.8,0
11,28,11,28,441.617,-120.721,1,0
11,29,11,29,466.795,-106.697,1,0
11,30,11,30,495.138,-94.3517,0,1
11,31,11,31,523.534,-124.432,1,0
11,32,11,32,546.48,-115.953,1,0
11,33,11,33,565.584,-118.885,1,0
11,34,11,34,593.372,-97.4549,0,1
11,35,11,35,615.033,-88.7471,0,1
11,36,11,36,644.705,-110.432,1,0
11,37,11,37,666.217,-116.524,1,0
11,38,11,38,688.817,-93.7355,0,1
11,39,11,39,715.364,-107.367,1,0
11,40,11,40,732.912,-103.861,0.4,1
11,41,11,41,759.655,-127.19,1,0
11,42,11,42,785.398,-92.8922,0,1
11,43,11,43,814.175,-98.7479,0,1
11,44,11,44,840.936,-110.401,1,0
11,45,11,45,857.211,-101.021,0.006,1
11,46,11,46,874.817,-118.291,1,0
11,47,11,47,898.08,-94.0015,0,1
11,48,11,48,930.579,-109.33,1,0
11,49,11,49,958.846,-108.456,1,0
11,50,11,50,979.386,-105.946,1,0
11,51,11,51,1004.8,-96.0786,0,1
11,52,11,52,1023.89,-124.522,1,0
11,53,11,53,1055.71,-117.499,1,0
11,54,11,54,1090.36,-94.2601,0,1
11,55,11,55,1117.95,-124.763,1,0
11,56,11,56,1137.07,-108.305,1,0
11,57,11,57,1156.86,-120.814,1,0
11,58,11,58,1185.82,-111.498,1,0
11,59,11,59,1215.55,-124.02,1,0
11,60,11,60,1245.22,-123.01,1,0
11,61,11,61,1269.27,-107.445,1,0
11,62,11,62,1294.01,-130.3,1,0
11,63,11,63,1319.48,-127.918,1,0
11,64,11,64,1342.13,-105.328,0.8,0
11,65,11,65,1373.26,-111.582,1,0
11,66,11,66,1405.05,-127.341,1,0
11,67,11,67,1435.5,-127.777,1,0
11,68,11,68,1458.95,-121.21,1,0
11,69,11,69,1482.94,-120.159,1,0
11,70,11,70,1503.55,-95.6698,0,1
11,71,11,71,1523.99,-101.073,0.006,1
11,72,11,72,1540.94,-124.846,1,0
11,73,11,73,1561.48,-98.6824,0,1
11,74,11,74,1587.75,-119.832,1,0
11,75,11,DSO,139.313,-75.2893,0,1
11,76,11,Market,139.313,-101.757,0.03,1
12,13,12,13,26.1725,-62.7021,0,1
12,14,12,14,60.8276,-90.7166,0,1
12,15,12,15,87.1149,-88.8214,0,1
12,16,12,16,103.479,-94.9141,0,1
12,17,12,17,122.495,-77.9722,0,1
12,18,12,18,140.186,-89.051,0,1
12,19,12,19,171.898,-77.493,0,1
12,20,12,20,200.823,-116.08,1,0
12,21,12,21,222.749,-108.827,1,0
12,22,12,22,250.316,-119.124,1,0
12,23,12,23,278.614,-96.3703,0,1
12,24,12,24,310.421,-97.0006,0,1
12,25,12,25,340.119,-112.186,1,0
12,26,12,26,366.306,-116.4,1,0
12,27,12,27,394.568,-101.695,0.03,1
12,28,12,28,418.724,-123.4,1,0
12,29,12,29,444.065,-102.629,0.15,1
12,30,12,30,472.366,-108.576,1,0
12,31,12,31,500.704,-104.791,0.8,0
12,32,12,32,523.534,-112.892,1,0
12,33,12,33,542.639,-105.327,0.8,0
12,34,12,34,570.377,-90.2497,0,1
12,35,12,35,592.112,-119.251,1,0
12,36,12,36,621.798,-127.207,1,0
12,37,12,37,643.236,-103.939,0.4,1
12,38,12,38,665.848,-119.324,1,0
12,39,12,39,692.483,-124.672,1,0
12,40,12,40,710.076,-128.477,1,0
12,41,12,41,736.872,-90.5065,0,1
12,42,12,42,762.518,-115.469,1,0
12,43,12,43,791.367,-120.599,1,0
12,44,12,44,818.174,-91.4302,0,1
12,45,12,45,834.445,-95.1298,0,1
12,46,12,46,852.087,-119.049,1,0
12,47,12,47,875.399,-115.261,1,0
12,48,12,48,907.926,-118.362,1,0
12,49,12,49,936.219,-91.5183,0,1
12,50,12,50,956.716,-115.644,1,0
12,51,12,51,982.184,-113.065,1,0
12,52,12,52,1001.31,-95.936,0,1
12,53,12,53,1033.12,-92.08,0,1
12,54,12,54,1067.78,-103.473,0.4,1
12,55,12,55,1095.31,-130.515,1,0
12,56,12,56,1114.4,-123.666,1,0
12,57,12,57,1134.2,-128.986,1,0
12,58,12,58,1163.2,-128.596,1,0
12,59,12,59,1192.89,-125.047,1,0
12,60,12,60,1222.59,-113.846,1,0
12,61,12,61,1246.7,-130.202,1,0
12,62,12,62,1271.39,-122.39,1,0
12,63,12,63,1296.83,-99.7562,0.0015,1
12,64,12,64,1319.46,-97.1953,0,1
12,65,12,65,1350.58,-100.596,0.006,1
12,66,12,66,1382.39,-119.101,1,0
12,67,12,67,1412.81,-102.183,0.03,1
12,68,12,68,1436.21,-128.333,1,0
12,69,12,69,1460.22,-119.864,1,0
12,70,12,70,1480.8,-122.926,1,0
12,71,12,71,1501.26,-131.438,1,0
12,72,12,72,1518.22,-117.505,1,0
12,73,12,73,1538.74,-135.018,1,0
12,74,12,74,1564.98,-130.014,1,0
12,75,12,DSO,161.32,-104.275,0.4,1
12,76,12,Market,161.32,-105.643,1,0
13,14,13,14,34.6554,-91.7437,0,1
13,15,13,15,60.959,-77.9589,0,1
13,16,13,16,77.3369,-105.816,1,0
13,17,13,17,96.3328,-111.342,1,0
13,18,13,18,114.022,-88.8509,0,1
13,19,13,19,145.726,-97.8962,0,1
13,20,13,20,174.668,-86.5145,0,1
13,21,13,21,196.581,-103.109,0.15,1
13,22,13,22,224.154,-85.6243,0,1
13,23,13,23,252.446,-99.3076,0,1
13,24,13,24,284.257,-85.5287,0,1
13,25,13,25,313.959,-117.189,1,0
13,26,13,26,340.154,-114.814,1,0
13,27,13,27,368.409,-117.983,1,0
13,28,13,28,392.588,-89.4266,0,1
13,29,13,29,417.905,-118.009,1,0
13,30,13,30,446.212,-95.2389,0,1
13,31,13,31,474.558,-111.111,1,0
13,32,13,32,497.41,-118.374,1,0
13,33,13,33,516.515,-109.361,1,0
13,34,13,34,544.266,-98.8159,0,1
13,35,13,35,565.984,-97.9956,0,1
13,36,13,36,595.668,-126.473,1,0
13,37,13,37,617.122,-127.15,1,0
13,38,13,38,639.731,-98.4617,0,1
13,39,13,39,666.348,-120.137,1,0
13,40,13,40,683.933,-109.723,1,0
13,41,13,41,710.721,-108.776,1,0
13,42,13,42,736.384,-101.597,0.03,1
13,43,13,43,765.22,-120.245,1,0
13,44,13,44,792.021,-126.082,1,0
13,45,13,45,808.293,-94.7988,0,1
13,46,13,46,825.931,-104.677,0.8,0
13,47,13,47,849.238,-127.098,1,0
13,48,13,48,881.762,-107.927,1,0
13,49,13,49,910.053,-92.651,0,1
13,50,13,50,930.554,-111.543,1,0
13,51,13,51,956.018,-100.43,0.006,1
13,52,13,52,975.144,-129.013,1,0
13,53,13,53,1006.96,-125.436,1,0
13,54,13,54,1041.61,-93.2683,0,1
13,55,13,55,1069.15,-104.48,0.8,0
13,56,13,56,1088.24,-121.086,1,0
13,57,13,57,1108.04,-111.94,1,0
13,58,13,58,1137.04,-128.432,1,0
13,59,13,59,1166.73,-119.018,1,0
13,60,13,60,1196.43,-94.3254,0,1
13,61,13,61,1220.53,-99.1649,0,1
13,62,13,62,1245.22,-114.463,1,0
13,63,13,63,1270.67,-105.989,1,0
13,64,13,64,1293.3,-106.95,1,0
13,65,13,65,1324.42,-129.594,1,0
13,66,13,66,1356.23,-128.702,1,0
13,67,13,67,1386.65,-129.989,1,0
13,68,13,68,1410.06,-117.002,1,0
13,69,13,69,1434.07,-115.416,1,0
13,70,13,70,1454.64,-122.54,1,0
13,71,13,71,1475.11,-105.736,1,0
13,72,13,72,1492.06,-113.266,1,0
13,73,13,73,1512.59,-130.484,1,0
13,74,13,74,1538.83,-120.552,1,0
13,75,13,DSO,187.491,-97.0552,0,1
13,76,13,Market,187.491,-88.7397,0,1
14,15,14,15,26.4008,-73.4461,0,1
14,16,14,16,42.8019,-64.6794,0,1
14,17,14,17,61.7171,-103.272,0.15,1
14,18,14,18,79.3977,-92.7426,0,1
14,19,14,19,111.072,-80.7676,0,1
14,20,14,20,140.036,-87.0587,0,1
14,21,14,21,161.929,-108.647,1,0
14,22,14,22,189.51,-97.9195,0,1
14,23,14,23,217.793,-111.991,1,0
14,24,14,24,249.61,-116.278,1,0
14,25,14,25,279.315,-101.51,0.03,1
14,26,14,26,305.523,-98.4361,0,1
14,27,14,27,333.766,-88.6226,0,1
14,28,14,28,357.975,-92.6491,0,1
14,29,14,29,383.262,-121.305,1,0
14,30,14,30,411.575,-98.8169,0,1
14,31,14,31,439.932,-86.9219,0,1
14,32,14,32,462.813,-122.259,1,0
14,33,14,33,481.918,-120.796,1,0
14,34,14,34,509.684,-123.297,1,0
14,35,14,35,531.38,-109.158,1,0
14,36,14,36,561.061,-120.43,1,0
14,37,14,37,582.537,-102.137,0.03,1
14,38,14,38,605.142,-124.122,1,0
14,39,14,39,631.735,-113.323,1,0
14,40,14,40,649.31,-97.0413,0,1
14,41,14,41,676.089,-93.3886,0,1
14,42,14,42,701.771,-92.0994,0,1
14,43,14,43,730.592,-105.218,0.8,0
14,44,14,44,757.386,-98.3549,0,1
14,45,14,45,773.658,-103.704,0.4,1
14,46,14,46,791.291,-102.218,0.03,1
14,47,14,47,814.592,-95.9412,0,1
14,48,14,48,847.114,-97.2257,0,1
14,49,14,49,875.403,-124.779,1,0
14,50,14,50,895.907,-115.005,1,0
14,51,14,51,921.367,-95.0452,0,1
14,52,14,52,940.49,-107.687,1,0
14,53,14,53,972.303,-129.557,1,0
14,54,14,54,1006.96,-124.39,1,0
14,55,14,55,1034.5,-98.6433,0,1
14,56,14,56,1053.59,-99.5349,0.0015,1
14,57,14,57,1073.39,-109.868,1,0
14,58,14,58,1102.39,-120.598,1,0
14,59,14,59,1132.08,-99.1704,0,1
14,60,14,60,1161.78,-102.593,0.15,1
14,61,14,61,1185.88,-128.328,1,0
14,62,14,62,1210.57,-116.305,1,0
14,63,14,63,1236.02,-112.655,1,0
14,64,14,64,1258.65,-107.634,1,0
14,65,14,65,1289.78,-109.853,1,0
14,66,14,66,1321.58,-96.3767,0,1
14,67,14,67,1352.01,-105.315,0.8,0
14,68,14,68,1375.42,-103.597,0.4,1
14,69,14,69,1399.43,-96.6609,0,1
14,70,14,70,1420.01,-121.286,1,0
14,71,14,71,1440.47,-100.395,0.006,1
14,72,14,72,1457.42,-114.838,1,0
14,73,14,73,1477.95,-126.215,1,0
14,74,14,74,1504.2,-115.983,1,0
14,75,14,DSO,222.144,-85.731,0,1
14,76,14,Market,222.144,-85.5977,0,1
15,16,15,16,16.4012,-79.3113,0,1
15,17,15,17,35.3836,-85.4809,0,1
15,18,15,18,53.0754,-103.299,0.15,1
15,19,15,19,84.8528,-110.12,1,0
15,20,15,20,114.022,-77.1225,0,1
15,21,15,21,135.794,-107.007,1,0
15,22,15,22,163.417,-94.0479,0,1
15,23,15,23,191.638,-101.101,0.006,1
15,24,15,24,223.486,-84.9009,0,1
15,25,15,25,253.207,-118.785,1,0
15,26,15,26,279.458,-92.771,0,1
15,27,15,27,307.657,-117.5,1,0
15,28,15,28,331.965,-112.663,1,0
15,29,15,29,357.146,-106.557,1,0
15,30,15,30,385.483,-108.473,1,0
15,31,15,31,413.876,-85.3107,0,1
15,32,15,32,436.835,-112.926,1,0
15,33,15,33,455.939,-88.5974,0,1
15,34,15,34,483.741,-93.1069,0,1
15,35,15,35,505.381,-88.3635,0,1
15,36,15,36,535.051,-88.9814,0,1
15,37,15,37,556.579,-104.656,0.8,0
15,38,15,38,579.175,-122.119,1,0
15,39,15,39,605.706,-102.339,0.03,1
15,40,15,40,623.254,-100.363,0.0015,1
15,41,15,41,650.001,-126.948,1,0
15,42,15,42,675.74,-112.451,1,0
15,43,15,43,704.518,-95.3534,0,1
15,44,15,44,731.285,-127.166,1,0
15,45,15,45,747.559,-128.061,1,0
15,46,15,46,765.173,-105.983,1,0
15,47,15,47,788.45,-120.311,1,0
15,48,15,48,820.959,-97.7983,0,1
15,49,15,49,849.236,-123.226,1,0
15,50,15,50,869.76,-97.1053,0,1
15,51,15,51,895.197,-116.019,1,0
15,52,15,52,914.302,-115.89,1,0
15,53,15,53,946.118,-117.944,1,0
15,54,15,54,980.77,-93.7593,0,1
15,55,15,55,1008.34,-110.824,1,0
15,56,15,56,1027.45,-105.053,0.8,0
15,57,15,57,1047.24,-92.6026,0,1
15,58,15,58,1076.22,-131.531,1,0
15,59,15,59,1105.93,-106.671,1,0
15,60,15,60,1135.61,-123.645,1,0
15,61,15,61,1159.69,-112.646,1,0
15,62,15,62,1184.4,-101.52,0.03,1
15,63,15,63,1209.86,-122.535,1,0
15,64,15,64,1232.5,-116.903,1,0
15,65,15,65,1263.63,-112.454,1,0
15,66,15,66,1295.43,-111.516,1,0
15,67,15,67,1325.87,-112.422,1,0
15,68,15,68,1349.31,-118.821,1,0
15,69,15,69,1373.31,-99.9381,0.0015,1
15,70,15,70,1393.9,-107.36,1,0
15,71,15,71,1414.35,-95.1229,0,1
15,72,15,72,1431.3,-99.2668,0,1
15,73,15,73,1451.84,-125.246,1,0
15,74,15,74,1478.1,-107.591,1,0
15,75,15,DSO,248.421,-92.3781,0,1
15,76,15,Market,248.421,-119.337,1,0
16,17,16,17,19.105,-96.6745,0,1
16,18,16,18,36.7696,-69.6169,0,1
16,19,16,19,68.6222,-77.2149,0,1
16,20,16,20,97.949,-90.013,0,1
16,21,16,21,119.604,-86.7794,0,1
16,22,16,22,147.248,-100.458,0.006,1
16,23,16,23,175.414,-97.5133,0,1
16,24,16,24,207.28,-79.4909,0,1
16,25,16,25,237.008,-109.367,1,0
16,26,16,26,263.287,-90.2158,0,1
16,27,16,27,291.452,-99.5218,0.0015,1
16,28,16,28,315.826,-116.474,1,0
16,29,16,29,340.931,-87.3224,0,1
16,30,16,30,369.283,-88.6086,0,1
16,31,16,31,397.698,-96.1673,0,1
16,32,16,32,420.709,-84.8787,0,1
16,33,16,33,439.81,-104.722,0.8,0
16,34,16,34,467.634,-112.663,1,0
16,35,16,35,489.237,-112.421,1,0
16,36,16,36,518.9,-120.821,1,0
16,37,16,37,540.46,-117.137,1,0
16,38,16,38,563.05,-100.907,0.006,1
16,39,16,39,589.54,-92.2999,0,1
16,40,16,40,607.068,-103.213,0.15,1
16,41,16,41,633.795,-88.6318,0,1
16,42,16,42,659.571,-122.578,1,0
16,43,16,43,688.32,-109.195,1,0
16,44,16,44,715.07,-126.053,1,0
16,45,16,45,731.345,-121.358,1,0
16,46,16,46,748.947,-107.196,1,0
16,47,16,47,772.207,-89.935,0,1
16,48,16,48,804.707,-128.789,1,0
16,49,16,49,832.977,-116.988,1,0
16,50,16,50,853.513,-118.218,1,0
16,51,16,51,878.936,-118.028,1,0
16,52,16,52,898.03,-120.886,1,0
16,53,16,53,929.848,-109.014,1,0
16,54,16,54,964.498,-114.473,1,0
16,55,16,55,992.083,-128.199,1,0
16,56,16,56,1011.2,-97.1572,0,1
16,57,16,57,1030.99,-117.716,1,0
16,58,16,58,1059.96,-124.49,1,0
16,59,16,59,1089.68,-92.6318,0,1
16,60,16,60,1119.36,-96.8423,0,1
16,61,16,61,1143.41,-112.217,1,0
16,62,16,62,1168.14,-106.447,1,0
16,63,16,63,1193.61,-127.586,1,0
16,64,16,64,1216.25,-115.951,1,0
16,65,16,65,1247.39,-126.812,1,0
16,66,16,66,1279.18,-118.718,1,0
16,67,16,67,1309.62,-119.985,1,0
16,68,16,68,1333.08,-112.497,1,0
16,69,16,69,1357.07,-121.276,1,0
16,70,16,70,1377.68,-126.973,1,0
16,71,16,71,1398.12,-117.727,1,0
16,72,16,72,1415.07,-104.622,0.8,0
16,73,16,73,1435.61,-105.782,1,0
16,74,16,74,1461.88,-111.885,1,0
16,75,16,DSO,264.764,-102.555,0.15,1
16,76,16,Market,264.764,-112.358,1,0
17,18,17,18,17.6918,-83.5008,0,1
17,19,17,19,49.5177,-87.4963,0,1
17,20,17,20,78.8733,-83.712,0,1
17,21,17,21,100.499,-81.6205,0,1
17,22,17,22,128.144,-108.063,1,0
17,23,17,23,156.311,-75.9868,0,1
17,24,17,24,188.175,-84.969,0,1
17,25,17,25,217.904,-88.3183,0,1
17,26,17,26,244.182,-109.323,1,0
17,27,17,27,272.347,-90.3735,0,1
17,28,17,28,296.724,-92.7074,0,1
17,29,17,29,321.828,-106.459,1,0
17,30,17,30,350.179,-113.514,1,0
17,31,17,31,378.593,-93.717,0,1
17,32,17,32,401.608,-100.862,0.006,1
17,33,17,33,420.709,-105.127,0.8,0
17,34,17,34,448.537,-117.02,1,0
17,35,17,35,470.134,-100.331,0.0015,1
17,36,17,36,499.796,-99.7935,0.0015,1
17,37,17,37,521.36,-87.4625,0,1
17,38,17,38,543.949,-94.9351,0,1
17,39,17,39,570.435,-120.545,1,0
17,40,17,40,587.963,-117.755,1,0
17,41,17,41,614.691,-105.448,1,0
17,42,17,42,640.466,-100.152,0.0015,1
17,43,17,43,669.216,-127.247,1,0
17,44,17,44,695.967,-117.858,1,0
17,45,17,45,712.242,-91.0266,0,1
17,46,17,46,729.845,-118.72,1,0
17,47,17,47,753.109,-95.7369,0,1
17,48,17,48,785.611,-98.4362,0,1
17,49,17,49,813.883,-97.1912,0,1
17,50,17,50,834.416,-98.6683,0,1
17,51,17,51,859.843,-112.016,1,0
17,52,17,52,878.941,-98.5133,0,1
17,53,17,53,910.758,-101.772,0.03,1
17,54,17,54,945.408,-96.8893,0,1
17,55,17,55,972.988,-111.169,1,0
17,56,17,56,992.101,-106.691,1,0
17,57,17,57,1011.89,-121.137,1,0
17,58,17,58,1040.86,-93.0892,0,1
17,59,17,59,1070.58,-99.6588,0.0015,1
17,60,17,60,1100.26,-96.9429,0,1
17,61,17,61,1124.32,-129.522,1,0
17,62,17,62,1149.05,-119.866,1,0
17,63,17,63,1174.51,-119.476,1,0
17,64,17,64,1197.16,-125.23,1,0
17,65,17,65,1228.29,-121.065,1,0
17,66,17,66,1260.08,-96.9054,0,1
17,67,17,67,1290.53,-100.615,0.006,1
17,68,17,68,1313.98,-103.316,0.15,1
17,69,17,69,1337.97,-121.635,1,0
17,70,17,70,1358.58,-102.643,0.15,1
17,71,17,71,1379.02,-118.54,1,0
17,72,17,72,1395.97,-131.267,1,0
17,73,17,73,1416.5,-120.899,1,0
17,74,17,74,1442.78,-123.313,1,0
17,75,17,DSO,283.805,-101.444,0.03,1
17,76,17,Market,283.805,-102.892,0.15,1
18,19,18,19,31.8904,-64.5288,0,1
18,20,18,20,61.4003,-79.6203,0,1
18,21,18,21,82.8794,-88.9986,0,1
18,22,18,22,110.535,-105.94,1,0
18,23,18,23,138.658,-93.9048,0,1
18,24,18,24,170.532,-93.7245,0,1
18,25,18,25,200.262,-102.424,0.15,1
18,26,18,26,226.557,-115.718,1,0
18,27,18,27,254.7,-83.8256,0,1
18,28,18,28,279.116,-108.834,1,0
18,29,18,29,304.174,-82.4694,0,1
18,30,18,30,332.533,-101.234,0.006,1
18,31,18,31,360.96,-85.5441,0,1
18,32,18,32,384.005,-88.4114,0,1
18,33,18,33,403.104,-98.8199,0,1
18,34,18,34,430.945,-123.406,1,0
18,35,18,35,452.519,-115.702,1,0
18,36,18,36,482.175,-91.7336,0,1
18,37,18,37,503.759,-102.006,0.03,1
18,38,18,38,526.343,-94.2057,0,1
18,39,18,39,552.805,-123.926,1,0
18,40,18,40,570.323,-104.046,0.4,1
18,41,18,41,597.039,-108.503,1,0
18,42,18,42,622.834,-103.732,0.4,1
18,43,18,43,651.568,-105.812,1,0
18,44,18,44,678.31,-94.1748,0,1
18,45,18,45,694.586,-101.663,0.03,1
18,46,18,46,712.183,-117.901,1,0
18,47,18,47,735.44,-102.77,0.15,1
18,48,18,48,767.939,-96.9325,0,1
18,49,18,49,796.207,-91.5953,0,1
18,50,18,50,816.745,-115.674,1,0
18,51,18,51,842.167,-108.128,1,0
18,52,18,52,861.261,-120.551,1,0
18,53,18,53,893.078,-126.823,1,0
18,54,18,54,927.728,-99.4539,0.0015,1
18,55,18,55,955.314,-126.536,1,0
18,56,18,56,974.43,-115.489,1,0
18,57,18,57,994.217,-124.144,1,0
18,58,18,58,1023.19,-121.832,1,0
18,59,18,59,1052.91,-130.533,1,0
18,60,18,60,1082.59,-117.894,1,0
18,61,18,61,1106.64,-104.818,0.8,0
18,62,18,62,1131.37,-116.633,1,0
18,63,18,63,1156.84,-130.072,1,0
18,64,18,64,1179.48,-104.929,0.8,0
18,65,18,65,1210.62,-95.1335,0,1
18,66,18,66,1242.41,-122.826,1,0
18,67,18,67,1272.86,-108.177,1,0
18,68,18,68,1296.31,-131.743,1,0
18,69,18,69,1320.31,-97.1304,0,1
18,70,18,70,1340.92,-111.247,1,0
18,71,18,71,1361.36,-131.373,1,0
18,72,18,72,1378.3,-125.75,1,0
18,73,18,73,1398.84,-108.113,1,0
18,74,18,74,1425.12,-96.9988,0,1
18,75,18,DSO,301.496,-112.901,1,0
18,76,18,Market,301.496,-114.673,1,0
19,20,19,20,29.6816,-91.0909,0,1
19,21,19,21,50.9902,-73.5159,0,1
19,22,19,22,78.6448,-88.2228,0,1
19,23,19,23,106.794,-88.051,0,1
19,24,19,24,138.658,-77.8081,0,1
19,25,19,25,168.386,-88.2056,0,1
19,26,19,26,194.672,-85.4609,0,1
19,27,19,27,222.83,-81.8398,0,1
19,28,19,28,247.227,-82.5849,0,1
19,29,19,29,272.31,-116.563,1,0
19,30,19,30,300.661,-116.936,1,0
19,31,19,31,329.079,-96.8284,0,1
19,32,19,32,352.115,-111.449,1,0
19,33,19,33,371.214,-104.297,0.4,1
19,34,19,34,399.055,-101.604,0.03,1
19,35,19,35,420.63,-103.919,0.4,1
19,36,19,36,450.289,-107.804,1,0
19,37,19,37,471.869,-90.4391,0,1
19,38,19,38,494.453,-93.6174,0,1
19,39,19,39,520.922,-94.2698,0,1
19,40,19,40,538.447,-115.12,1,0
19,41,19,41,565.173,-89.7674,0,1
19,42,19,42,590.953,-121.001,1,0
19,43,19,43,619.698,-107.837,1,0
19,44,19,44,646.45,-110.629,1,0
19,45,19,45,662.725,-98.5649,0,1
19,46,19,46,680.331,-112.588,1,0
19,47,19,47,703.6,-102.905,0.15,1
19,48,19,48,736.107,-125.026,1,0
19,49,19,49,764.383,-93.665,0,1
19,50,19,50,784.909,-125.305,1,0
19,51,19,51,810.344,-121.352,1,0
19,52,19,52,829.451,-114.067,1,0
19,53,19,53,861.267,-94.6423,0,1
19,54,19,54,895.918,-122.083,1,0
19,55,19,55,923.486,-130.413,1,0
19,56,19,56,942.595,-122.696,1,0
19,57,19,57,962.385,-98.4296,0,1
19,58,19,58,991.364,-130.831,1,0
19,59,19,59,1021.08,-114.754,1,0
19,60,19,60,1050.76,-119.569,1,0
19,61,19,61,1074.84,-94.0969,0,1
19,62,19,62,1099.55,-129.298,1,0
19,63,19,63,1125.01,-124.184,1,0
19,64,19,64,1147.65,-95.6482,0,1
19,65,19,65,1178.78,-100.689,0.006,1
19,66,19,66,1210.58,-114.594,1,0
19,67,19,67,1241.02,-114.668,1,0
19,68,19,68,1264.46,-117.078,1,0
19,69,19,69,1288.46,-123.481,1,0
19,70,19,70,1309.06,-109.481,1,0
19,71,19,71,1329.51,-100.147,0.0015,1
19,72,19,72,1346.46,-104.71,0.8,0
19,73,19,73,1366.99,-116.435,1,0
19,74,19,74,1393.26,-112.529,1,0
19,75,19,DSO,333.216,-90.7954,0,1
19,76,19,Market,333.216,-104.034,0.4,1
20,21,20,21,22.2036,-88.9725,0,1
20,22,20,22,49.5177,-99.4083,0.0015,1
20,23,20,23,77.8974,-98.4233,0,1
20,24,20,24,109.622,-105.106,0.8,0
20,25,20,25,139.302,-81.6173,0,1
20,26,20,26,165.487,-86.5021,0,1
20,27,20,27,193.747,-111.9,1,0
20,28,20,28,217.954,-117.726,1,0
20,29,20,29,243.245,-80.1881,0,1
20,30,20,30,271.544,-117.475,1,0
20,31,20,31,299.897,-115.625,1,0
20,32,20,32,322.816,-95.2822,0,1
20,33,20,33,341.92,-104.711,0.8,0
20,34,20,34,369.719,-111.216,1,0
20,35,20,35,391.368,-99.6567,0.0015,1
20,36,20,36,421.043,-110.128,1,0
20,37,20,37,442.557,-114.945,1,0
20,38,20,38,465.155,-93.3798,0,1
20,39,20,39,491.708,-114.188,1,0
20,40,20,40,509.276,-115.594,1,0
20,41,20,41,536.054,-125.753,1,0
20,42,20,42,561.744,-125.776,1,0
20,43,20,43,590.557,-98.2248,0,1
20,44,20,44,617.353,-104.111,0.4,1
20,45,20,45,633.624,-87.8646,0,1
20,46,20,46,651.264,-91.6137,0,1
20,47,20,47,674.58,-125.613,1,0
20,48,20,48,707.112,-99.1179,0,1
20,49,20,49,735.413,-123.323,1,0
20,50,20,50,755.897,-98.3996,0,1
20,51,20,51,781.379,-118.687,1,0
20,52,20,52,800.525,-123.001,1,0
20,53,20,53,832.332,-110.75,1,0
20,54,20,54,866.987,-111.509,1,0
20,55,20,55,894.497,-118.986,1,0
20,56,20,56,913.582,-92.1991,0,1
20,57,20,57,933.382,-122.299,1,0
20,58,20,58,962.393,-121.777,1,0
20,59,20,59,992.071,-106.602,1,0
20,60,20,60,1021.78,-108.798,1,0
20,61,20,61,1045.92,-122.879,1,0
20,62,20,62,1070.57,-99.3489,0,1
20,63,20,63,1096.02,-122.498,1,0
20,64,20,64,1118.64,-120.7,1,0
20,65,20,65,1149.76,-117.417,1,0
20,66,20,66,1181.58,-117.029,1,0
20,67,20,67,1211.99,-109.421,1,0
20,68,20,68,1235.39,-104.536,0.8,0
20,69,20,69,1259.4,-121.572,1,0
20,70,20,70,1279.98,-96.2938,0,1
20,71,20,71,1300.44,-94.0825,0,1
20,72,20,72,1317.39,-122.266,1,0
20,73,20,73,1337.92,-125.201,1,0
20,74,20,74,1364.16,-108.701,1,0
20,75,20,DSO,362.064,-118.709,1,0
20,76,20,Market,362.064,-111.781,1,0
21,22,21,22,27.6586,-70.0854,0,1
21,23,21,23,55.8659,-87.6981,0,1
21,24,21,24,87.6926,-75.3662,0,1
21,25,21,25,117.414,-76.8683,0,1
21,26,21,26,143.684,-83.6357,0,1
21,27,21,27,171.863,-90.638,0,1
21,28,21,28,196.237,-89.6157,0,1
21,29,21,29,221.353,-114.977,1,0
21,30,21,30,249.69,-114.945,1,0
21,31,21,31,278.095,-87.7067,0,1
21,32,21,32,301.126,-102.978,0.15,1
21,33,21,33,320.225,-89.4824,0,1
21,34,21,34,348.07,-93.978,0,1
21,35,21,35,369.64,-91.0841,0,1
21,36,21,36,399.299,-89.2364,0,1
21,37,21,37,420.88,-89.0455,0,1
21,38,21,38,443.464,-96.2191,0,1
21,39,21,39,469.936,-110.304,1,0
21,40,21,40,487.468,-109.99,1,0
21,41,21,41,514.207,-123.897,1,0
21,42,21,42,539.968,-99.2891,0,1
21,43,21,43,568.727,-88.3781,0,1
21,44,21,44,595.491,-105.468,1,0
21,45,21,45,611.765,-105.977,1,0
21,46,21,46,629.382,-105.419,1,0
21,47,21,47,652.669,-90.7582,0,1
21,48,21,48,685.187,-121.518,1,0
21,49,21,49,713.474,-112.498,1,0
21,50,21,50,733.982,-106.044,1,0
21,51,21,51,759.438,-113.229,1,0
21,52,21,52,778.563,-103.33,0.15,1
21,53,21,53,810.375,-103.868,0.4,1
21,54,21,54,845.028,-117.212,1,0
21,55,21,55,872.57,-100.972,0.006,1
21,56,21,56,891.669,-99.5396,0.0015,1
21,57,21,57,911.463,-103.404,0.4,1
21,58,21,58,940.456,-109.833,1,0
21,59,21,59,970.155,-127.609,1,0
21,60,21,60,999.85,-104.266,0.4,1
21,61,21,61,1023.95,-108.081,1,0
21,62,21,62,1048.64,-117.163,1,0
21,63,21,63,1074.1,-120.552,1,0
21,64,21,64,1096.73,-127.573,1,0
21,65,21,65,1127.85,-114.743,1,0
21,66,21,66,1159.66,-110.87,1,0
21,67,21,67,1190.09,-111.193,1,0
21,68,21,68,1213.51,-124.735,1,0
21,69,21,69,1237.52,-112.047,1,0
21,70,21,70,1258.11,-111.949,1,0
21,71,21,71,1278.56,-97.9426,0,1
21,72,21,72,1295.51,-120.174,1,0
21,73,21,73,1316.04,-132.063,1,0
21,74,21,74,1342.3,-99.5069,0.0015,1
21,75,21,DSO,384.038,-88.3835,0,1
21,76,21,Market,384.038,-100.683,0.006,1
22,23,22,23,28.4253,-65.9989,0,1
22,24,22,24,60.1082,-103.627,0.4,1
22,25,22,25,89.8053,-77.1593,0,1
22,26,22,26,116.043,-97.1878,0,1
22,27,22,27,144.257,-109.662,1,0
22,28,22,28,168.582,-106.883,1,0
22,29,22,29,193.752,-116.905,1,0
22,30,22,30,222.072,-98.7941,0,1
22,31,22,31,250.46,-117.205,1,0
22,32,22,32,273.47,-100.337,0.0015,1
22,33,22,33,292.57,-96.2822,0,1
22,34,22,34,320.412,-115.506,1,0
22,35,22,35,341.99,-101.646,0.03,1
22,36,22,36,371.652,-85.7912,0,1
22,37,22,37,393.224,-110.365,1,0
22,38,22,38,415.809,-106.985,1,0
22,39,22,39,442.295,-117.102,1,0
22,40,22,40,459.837,-122.639,1,0
22,41,22,41,486.59,-122.141,1,0
22,42,22,42,512.328,-106.582,1,0
22,43,22,43,541.104,-89.8482,0,1
22,44,22,44,567.881,-94.54,0,1
22,45,22,45,584.154,-92.1473,0,1
22,46,22,46,601.782,-121.183,1,0
22,47,22,47,625.084,-117.014,1,0
22,48,22,48,657.611,-98.1011,0,1
22,49,22,49,685.907,-126.916,1,0
22,50,22,50,706.4,-116.686,1,0
22,51,22,51,731.872,-111.65,1,0
22,52,22,52,751.013,-110.8,1,0
22,53,22,53,782.821,-127.438,1,0
22,54,22,54,817.475,-127.879,1,0
22,55,22,55,844.995,-124.49,1,0
22,56,22,56,864.086,-115.381,1,0
22,57,22,57,883.883,-118.744,1,0
22,58,22,58,912.888,-124.404,1,0
22,59,22,59,942.574,-98.3672,0,1
22,60,22,60,972.278,-91.7493,0,1
22,61,22,61,996.404,-116.418,1,0
22,62,22,62,1021.07,-131.431,1,0
22,63,22,63,1046.52,-114.394,1,0
22,64,22,64,1069.15,-95.3655,0,1
22,65,22,65,1100.27,-95.0065,0,1
22,66,22,66,1132.08,-105.639,1,0
22,67,22,67,1162.5,-110.549,1,0
22,68,22,68,1185.91,-131.003,1,0
22,69,22,69,1209.92,-127.73,1,0
22,70,22,70,1230.5,-93.8354,0,1
22,71,22,71,1250.96,-94.0462,0,1
22,72,22,72,1267.91,-126.647,1,0
22,73,22,73,1288.44,-97.2839,0,1
22,74,22,74,1314.69,-128.501,1,0
22,75,22,DSO,411.575,-101.115,0.006,1
22,76,22,Market,411.575,-101.558,0.03,1
23,24,23,24,31.8904,-85.248,0,1
23,25,23,25,61.6198,-77.7004,0,1
23,26,23,26,87.9659,-104.945,0.8,0
23,27,23,27,116.043,-105.076,0.8,0
23,28,23,28,140.584,-99.2187,0,1
23,29,23,29,165.517,-95.1676,0,1
23,30,23,30,193.876,-98.7234,0,1
23,31,23,31,222.32,-83.9893,0,1
23,32,23,32,245.459,-112.934,1,0
23,33,23,33,264.547,-117.24,1,0
23,34,23,34,292.438,-110.759,1,0
23,35,23,35,313.919,-117.451,1,0
23,36,23,36,343.559,-95.5109,0,1
23,37,23,37,365.203,-102.589,0.15,1
23,38,23,38,387.769,-93.2354,0,1
23,39,23,39,414.165,-118.288,1,0
23,40,23,40,431.669,-110.561,1,0
23,41,23,41,458.382,-101.644,0.03,1
23,42,23,42,484.19,-109.728,1,0
23,43,23,43,512.91,-113.216,1,0
23,44,23,44,539.656,-89.0413,0,1
23,45,23,45,555.932,-102.496,0.15,1
23,46,23,46,573.537,-102.311,0.03,1
23,47,23,47,596.813,-107.423,1,0
23,48,23,48,629.327,-109.109,1,0
23,49,23,49,657.611,-95.6177,0,1
23,50,23,50,678.125,-124.018,1,0
23,51,23,51,703.574,-127.222,1,0
23,52,23,52,722.698,-126.429,1,0
23,53,23,53,754.51,-100.998,0.006,1
23,54,23,54,789.163,-98.3435,0,1
23,55,23,55,816.709,-94.0559,0,1
23,56,23,56,835.811,-112.592,1,0
23,57,23,57,855.604,-96.0943,0,1
23,58,23,58,884.593,-95.9772,0,1
23,59,23,59,914.296,-91.4616,0,1
23,60,23,60,943.988,-119.528,1,0
23,61,23,61,968.087,-120.032,1,0
23,62,23,62,992.779,-97.7418,0,1
23,63,23,63,1018.23,-114.413,1,0
23,64,23,64,1040.87,-92.126,0,1
23,65,23,65,1072,-124.063,1,0
23,66,23,66,1103.8,-93.0942,0,1
23,67,23,67,1134.23,-113.053,1,0
23,68,23,68,1157.67,-101.652,0.03,1
23,69,23,69,1181.67,-124.799,1,0
23,70,23,70,1202.27,-129.47,1,0
23,71,23,71,1222.72,-121.253,1,0
23,72,23,72,1239.66,-96.0731,0,1
23,73,23,73,1260.2,-124.799,1,0
23,74,23,74,1286.47,-105.556,1,0
23,75,23,DSO,439.902,-100.803,0.006,1
23,76,23,Market,439.902,-90.3444,0,1
24,25,24,25,29.7321,-87.0516,0,1
24,26,24,26,56.0803,-92.7142,0,1
24,27,24,27,84.1724,-77.3714,0,1
24,28,24,28,108.706,-78.1495,0,1
24,29,24,29,133.66,-87.069,0,1
24,30,24,30,162.003,-88.3054,0,1
24,31,24,31,190.434,-84.1753,0,1
24,32,24,32,213.572,-116.458,1,0
24,33,24,33,232.659,-95.3561,0,1
24,34,24,34,260.555,-116.694,1,0
24,35,24,35,282.028,-90.3388,0,1
24,36,24,36,311.67,-115.492,1,0
24,37,24,37,333.314,-98.4101,0,1
24,38,24,38,355.879,-103.713,0.4,1
24,39,24,39,382.28,-122.333,1,0
24,40,24,40,399.791,-87.5838,0,1
24,41,24,41,426.517,-97.0877,0,1
24,42,24,42,452.306,-90.6378,0,1
24,43,24,43,481.041,-124.619,1,0
24,44,24,44,507.799,-102.394,0.15,1
24,45,24,45,524.073,-111.516,1,0
24,46,24,46,541.69,-107.346,1,0
24,47,24,47,564.982,-101.721,0.03,1
24,48,24,48,597.506,-98.4845,0,1
24,49,24,49,625.799,-121.904,1,0
24,50,24,50,646.297,-98.3736,0,1
24,51,24,51,671.765,-113.004,1,0
24,52,24,52,690.904,-106.744,1,0
24,53,24,53,722.713,-98.9368,0,1
24,54,24,54,757.367,-105.102,0.8,0
24,55,24,55,784.89,-121.287,1,0
24,56,24,56,803.983,-118.979,1,0
24,57,24,57,823.78,-107.31,1,0
24,58,24,58,852.781,-90.5333,0,1
24,59,24,59,882.47,-104.891,0.8,0
24,60,24,60,912.172,-115.427,1,0
24,61,24,61,936.296,-104.316,0.4,1
24,62,24,62,960.965,-92.5782,0,1
24,63,24,63,986.414,-119.452,1,0
24,64,24,64,1009.04,-94.2628,0,1
24,65,24,65,1040.17,-102.764,0.15,1
24,66,24,66,1071.97,-102.584,0.15,1
24,67,24,67,1102.4,-124.854,1,0
24,68,24,68,1125.82,-116.381,1,0
24,69,24,69,1149.83,-104.7,0.8,0
24,70,24,70,1170.42,-96.5713,0,1
24,71,24,71,1190.87,-114.958,1,0
24,72,24,72,1207.82,-127.758,1,0
24,73,24,73,1228.35,-112.98,1,0
24,74,24,74,1254.61,-96.545,0,1
24,75,24,DSO,471.683,-119.363,1,0
24,76,24,Market,471.683,-98.3005,0,1
25,26,25,26,26.4008,-95.644,0,1
25,27,25,27,54.4518,-98.8192,0,1
25,28,25,28,79.0253,-77.0069,0,1
25,29,25,29,103.947,-109.338,1,0
25,30,25,30,132.276,-97.5198,0,1
25,31,25,31,160.702,-85.6763,0,1
25,32,25,32,183.861,-112.894,1,0
25,33,25,33,202.943,-100.006,0.0015,1
25,34,25,34,230.853,-96.7876,0,1
25,35,25,35,252.301,-102.134,0.03,1
25,36,25,36,281.94,-117.554,1,0
25,37,25,37,303.595,-100.412,0.006,1
25,38,25,38,326.156,-93.1044,0,1
25,39,25,39,352.548,-100.614,0.006,1
25,40,25,40,370.061,-107.395,1,0
25,41,25,41,396.793,-121.082,1,0
25,42,25,42,422.574,-111.492,1,0
25,43,25,43,451.314,-100.369,0.0015,1
25,44,25,44,478.079,-94.3944,0,1
25,45,25,45,494.353,-87.432,0,1
25,46,25,46,511.977,-86.4119,0,1
25,47,25,47,535.28,-96.4762,0,1
25,48,25,48,567.811,-103.429,0.4,1
25,49,25,49,596.112,-104.485,0.8,0
25,50,25,50,616.597,-125.016,1,0
25,51,25,51,642.078,-99.5941,0.0015,1
25,52,25,52,661.23,-101.804,0.03,1
25,53,25,53,693.035,-110.154,1,0
25,54,25,54,727.69,-120.105,1,0
25,55,25,55,755.195,-119.663,1,0
25,56,25,56,774.282,-96.4436,0,1
25,57,25,57,794.081,-125.945,1,0
25,58,25,58,823.092,-103.663,0.4,1
25,59,25,59,852.771,-121.16,1,0
25,60,25,60,882.479,-96.3742,0,1
25,61,25,61,906.621,-113.419,1,0
25,62,25,62,931.273,-119.729,1,0
25,63,25,63,956.718,-98.1494,0,1
25,64,25,64,979.343,-119.467,1,0
25,65,25,65,1010.46,-108.793,1,0
25,66,25,66,1042.28,-119.576,1,0
25,67,25,67,1072.69,-122.254,1,0
25,68,25,68,1096.11,-102.609,0.15,1
25,69,25,69,1120.11,-93.9799,0,1
25,70,25,70,1140.7,-120.514,1,0
25,71,25,71,1161.16,-112.258,1,0
25,72,25,72,1178.11,-102.192,0.03,1
25,73,25,73,1198.64,-114.119,1,0
25,74,25,74,1224.89,-110.424,1,0
25,75,25,DSO,501.363,-107.18,1,0
25,76,25,Market,501.363,-100.556,0.006,1
26,27,26,27,28.4253,-67.2774,0,1
26,28,26,28,52.6308,-80.3133,0,1
26,29,26,29,77.8332,-95.0226,0,1
26,30,26,30,106.066,-74.4939,0,1
26,31,26,31,134.417,-83.6933,0,1
26,32,26,32,157.493,-100.887,0.006,1
26,33,26,33,176.581,-82.8875,0,1
26,34,26,34,204.475,-106.182,1,0
26,35,26,35,225.967,-94.3018,0,1
26,36,26,36,255.619,-104.372,0.8,0
26,37,26,37,277.238,-100.64,0.006,1
26,38,26,38,299.808,-107.146,1,0
26,39,26,39,326.253,-88.5726,0,1
26,40,26,40,343.796,-89.1999,0,1
26,41,26,41,370.567,-105.331,0.8,0
26,42,26,42,396.285,-89.6142,0,1
26,43,26,43,425.071,-116.663,1,0
26,44,26,44,451.868,-105.343,0.8,0
26,45,26,45,468.139,-90.5375,0,1
26,46,26,46,485.787,-120.418,1,0
26,47,26,47,509.125,-116.827,1,0
26,48,26,48,541.673,-93.7091,0,1
26,49,26,49,569.991,-126.084,1,0
26,50,26,50,590.445,-105.613,1,0
26,51,26,51,615.959,-125.169,1,0
26,52,26,52,635.139,-104.891,0.8,0
26,53,26,53,666.937,-101.727,0.03,1
26,54,26,54,701.592,-108.489,1,0
26,55,26,55,729.055,-116.655,1,0
26,56,26,56,748.124,-95.6161,0,1
26,57,26,57,767.93,-115.869,1,0
26,58,26,58,796.962,-103.403,0.4,1
26,59,26,59,826.615,-123.141,1,0
26,60,26,60,856.342,-100.804,0.006,1
26,61,26,61,880.525,-124.431,1,0
26,62,26,62,905.136,-124.592,1,0
26,63,26,63,930.57,-113.253,1,0
26,64,26,64,953.184,-123.273,1,0
26,65,26,65,984.293,-118.469,1,0
26,66,26,66,1016.12,-108.881,1,0
26,67,26,67,1046.52,-112.014,1,0
26,68,26,68,1069.91,-116.544,1,0
26,69,26,69,1093.92,-92.775,0,1
26,70,26,70,1114.49,-98.4364,0,1
26,71,26,71,1134.96,-121.258,1,0
26,72,26,72,1151.91,-113.289,1,0
26,73,26,73,1172.44,-113.397,1,0
26,74,26,74,1198.68,-105.128,0.8,0
26,75,26,DSO,527.504,-93.7423,0,1
26,76,26,Market,527.504,-120.507,1,0
27,28,27,28,25.4951,-94.249,0,1
27,29,27,29,49.4975,-92.4318,0,1
27,30,27,30,77.8332,-102.049,0.03,1
27,31,27,31,106.301,-97.5459,0,1
27,32,27,32,129.63,-102.779,0.15,1
27,33,27,33,148.678,-80.1112,0,1
27,34,27,34,176.641,-79.0313,0,1
27,35,27,35,197.952,-96.4309,0,1
27,36,27,36,227.563,-79.2454,0,1
27,37,27,37,249.289,-119.073,1,0
27,38,27,38,271.825,-119.674,1,0
27,39,27,39,298.136,-119.096,1,0
27,40,27,40,315.626,-105.992,1,0
27,41,27,41,342.345,-108.169,1,0
27,42,27,42,368.155,-83.0441,0,1
27,43,27,43,396.869,-89.7181,0,1
27,44,27,44,423.628,-103.056,0.15,1
27,45,27,45,439.902,-110.108,1,0
27,46,27,46,457.525,-106.444,1,0
27,47,27,47,480.833,-107.943,1,0
27,48,27,48,513.367,-108.338,1,0
27,49,27,49,541.673,-105.098,0.8,0
27,50,27,50,562.15,-123.558,1,0
27,51,27,51,587.64,-104.18,0.4,1
27,52,27,52,606.803,-113.373,1,0
27,53,27,53,638.606,-111.752,1,0
27,54,27,54,673.261,-90.7813,0,1
27,55,27,55,700.752,-122.586,1,0
27,56,27,56,719.835,-101.022,0.006,1
27,57,27,57,739.635,-119.101,1,0
27,58,27,58,768.651,-109.06,1,0
27,59,27,59,798.324,-112.894,1,0
27,60,27,60,828.037,-106.499,1,0
27,61,27,61,852.193,-127.275,1,0
27,62,27,62,876.831,-103.249,0.15,1
27,63,27,63,902.273,-93.3726,0,1
27,64,27,64,924.896,-110.529,1,0
27,65,27,65,956.013,-130.939,1,0
27,66,27,66,987.828,-94.0785,0,1
27,67,27,67,1018.24,-93.953,0,1
27,68,27,68,1041.65,-96.5625,0,1
27,69,27,69,1065.66,-100.208,0.0015,1
27,70,27,70,1086.25,-130.348,1,0
27,71,27,71,1106.7,-109.467,1,0
27,72,27,72,1123.66,-122.764,1,0
27,73,27,73,1144.19,-97.1465,0,1
27,74,27,74,1170.44,-97.0995,0,1
27,75,27,DSO,555.802,-111.521,1,0
27,76,27,Market,555.802,-109.972,1,0
28,29,28,29,26.8328,-62.1692,0,1
28,30,28,30,54.037,-102.631,0.15,1
28,31,28,31,82.0366,-81.3413,0,1
28,32,28,32,104.89,-97.8227,0,1
28,33,28,33,123.988,-75.9853,0,1
28,34,28,34,151.855,-101.887,0.03,1
28,35,28,35,173.416,-104.599,0.8,0
28,36,28,36,203.089,-86.8301,0,1
28,37,28,37,224.644,-105.444,1,0
28,38,28,38,247.227,-82.796,0,1
28,39,28,39,273.761,-95.5669,0,1
28,40,28,40,291.359,-84.6043,0,1
28,41,28,41,318.198,-89.2579,0,1
28,42,28,42,343.796,-82.556,0,1
28,43,28,43,372.662,-112.983,1,0
28,44,28,44,399.516,-122.004,1,0
28,45,28,45,415.779,-97.6686,0,1
28,46,28,46,433.471,-87.0071,0,1
28,47,28,47,456.87,-116.684,1,0
28,48,28,48,489.449,-116.068,1,0
28,49,28,49,517.795,-105.475,1,0
28,50,28,50,538.187,-108.125,1,0
28,51,28,51,563.76,-107.725,1,0
28,52,28,52,582.992,-106.982,1,0
28,53,28,53,614.772,-88.5901,0,1
28,54,28,54,649.426,-91.4287,0,1
28,55,28,55,676.808,-114.055,1,0
28,56,28,56,695.845,-89.047,0,1
28,57,28,57,715.661,-102.797,0.15,1
28,58,28,58,744.731,-91.7111,0,1
28,59,28,59,774.336,-98.623,0,1
28,60,28,60,804.093,-90.1551,0,1
28,61,28,61,828.351,-107.396,1,0
28,62,28,62,852.888,-129.178,1,0
28,63,28,63,878.299,-105.848,1,0
28,64,28,64,900.894,-96.7233,0,1
28,65,28,65,931.984,-109.856,1,0
28,66,28,66,963.83,-115.344,1,0
28,67,28,67,994.201,-130.805,1,0
28,68,28,68,1017.54,-108.301,1,0
28,69,28,69,1041.57,-106.605,1,0
28,70,28,70,1062.11,-121.714,1,0
28,71,28,71,1082.59,-123.342,1,0
28,72,28,72,1099.56,-117.962,1,0
28,73,28,73,1120.07,-114.772,1,0
28,74,28,74,1146.28,-129.7,1,0
28,75,28,DSO,579.843,-122.508,1,0
28,76,28,Market,579.843,-113.909,1,0
29,30,29,30,28.4253,-74.9484,0,1
29,31,29,31,57.0088,-75.9317,0,1
29,32,29,32,80.7094,-79.6354,0,1
29,33,29,33,99.6243,-89.0912,0,1
29,34,29,34,127.64,-110.237,1,0
29,35,29,35,148.678,-95.5629,0,1
29,36,29,36,178.227,-78.4371,0,1
29,37,29,37,200.062,-116.568,1,0
29,38,29,38,222.551,-116.655,1,0
29,39,29,39,248.727,-79.693,0,1
29,40,29,40,266.177,-102.436,0.15,1
29,41,29,41,292.865,-83.6031,0,1
29,42,29,42,318.729,-96.7992,0,1
29,43,29,43,347.397,-116.353,1,0
29,44,29,44,374.14,-122.939,1,0
29,45,29,45,390.415,-121.326,1,0
29,46,29,46,408.031,-86.2246,0,1
29,47,29,47,431.335,-115.013,1,0
29,48,29,48,463.871,-105.672,1,0
29,49,29,49,492.179,-111.565,1,0
29,50,29,50,512.653,-87.1166,0,1
29,51,29,51,538.146,-118.898,1,0
29,52,29,52,557.315,-109.445,1,0
29,53,29,53,589.115,-87.1721,0,1
29,54,29,54,623.771,-94.7954,0,1
29,55,29,55,651.255,-98.0661,0,1
29,56,29,56,670.337,-113.44,1,0
29,57,29,57,690.138,-101.666,0.03,1
29,58,29,58,719.156,-128.05,1,0
29,59,29,59,748.826,-93.1899,0,1
29,60,29,60,778.54,-124.498,1,0
29,61,29,61,802.704,-115.572,1,0
29,62,29,62,827.334,-108.103,1,0
29,63,29,63,852.775,-123.305,1,0
29,64,29,64,875.398,-118.859,1,0
29,65,29,65,906.515,-105.033,0.8,0
29,66,29,66,938.331,-122.222,1,0
29,67,29,67,968.746,-100.058,0.0015,1
29,68,29,68,992.162,-111.402,1,0
29,69,29,69,1016.17,-110.835,1,0
29,70,29,70,1036.76,-113.131,1,0
29,71,29,71,1057.21,-101.101,0.006,1
29,72,29,72,1074.16,-98.329,0,1
29,73,29,73,1094.69,-107.157,1,0
29,74,29,74,1120.95,-107.444,1,0
29,75,29,DSO,605.298,-116.876,1,0
29,76,29,Market,605.298,-93.0044,0,1
30,31,30,31,28.6007,-79.2334,0,1
30,32,30,32,52.4786,-95.1516,0,1
30,33,30,33,71.2811,-71.5877,0,1
30,34,30,34,99.2975,-90.6955,0,1
30,35,30,35,120.254,-86.6841,0,1
30,36,30,36,149.803,-93.1418,0,1
30,37,30,37,171.642,-100.771,0.006,1
30,38,30,38,194.126,-112.878,1,0
30,39,30,39,220.32,-106.634,1,0
30,40,30,40,237.794,-100.305,0.0015,1
30,41,30,41,264.518,-114.918,1,0
30,42,30,42,290.331,-97.2977,0,1
30,43,30,43,319.038,-81.9735,0,1
30,44,30,44,345.811,-93.2087,0,1
30,45,30,45,362.083,-94.8006,0,1
30,46,30,46,379.722,-86.146,0,1
30,47,30,47,403.061,-113.749,1,0
30,48,30,48,435.615,-101.184,0.006,1
30,49,30,49,463.94,-119.538,1,0
30,50,30,50,484.381,-86.4101,0,1
30,51,30,51,509.907,-121.694,1,0
30,52,30,52,529.105,-97.7932,0,1
30,53,30,53,560.897,-102.622,0.15,1
30,54,30,54,595.552,-107.315,1,0
30,55,30,55,622.994,-105.096,0.8,0
30,56,30,56,642.059,-126.465,1,0
30,57,30,57,661.866,-103.573,0.4,1
30,58,30,58,690.904,-92.8399,0,1
30,59,30,59,720.55,-97.8328,0,1
30,60,30,60,750.281,-116.102,1,0
30,61,30,61,774.484,-95.3636,0,1
30,62,30,62,799.076,-109.725,1,0
30,63,30,63,824.506,-90.1036,0,1
30,64,30,64,847.119,-121.319,1,0
30,65,30,65,878.227,-121.197,1,0
30,66,30,66,910.053,-96.6018,0,1
30,67,30,67,940.453,-130.326,1,0
30,68,30,68,963.845,-94.6845,0,1
30,69,30,69,987.859,-124.611,1,0
30,70,30,70,1008.43,-107.718,1,0
30,71,30,71,1028.9,-99.353,0,1
30,72,30,72,1045.85,-123.944,1,0
30,73,30,73,1066.38,-122.735,1,0
30,74,30,74,1092.62,-100.113,0.0015,1
30,75,30,DSO,633.569,-95.2804,0,1
30,76,30,Market,633.569,-118.423,1,0
31,32,31,32,24.1661,-72.9494,0,1
31,33,31,33,42.72,-75.9008,0,1
31,34,31,34,70.7248,-93.0114,0,1
31,35,31,35,91.6788,-79.5972,0,1
31,36,31,36,121.264,-100.943,0.006,1
31,37,31,37,143.056,-75.4549,0,1
31,38,31,38,165.557,-91.579,0,1
31,39,31,39,191.846,-93.2816,0,1
31,40,31,40,209.38,-88.8708,0,1
31,41,31,41,236.178,-94.3842,0,1
31,42,31,42,261.874,-117.808,1,0
31,43,31,43,290.663,-107.318,1,0
31,44,31,44,317.492,-93.8887,0,1
31,45,31,45,333.757,-84.9816,0,1
31,46,31,46,351.438,-105.974,1,0
31,47,31,47,374.833,-89.2571,0,1
31,48,31,48,407.414,-100.859,0.006,1
31,49,31,49,435.764,-85.1243,0,1
31,50,31,50,456.15,-98.5607,0,1
31,51,31,51,481.727,-89.8841,0,1
31,52,31,52,500.969,-102.354,0.03,1
31,53,31,53,532.745,-112.278,1,0
31,54,31,54,567.398,-117.188,1,0
31,55,31,55,594.771,-103.269,0.15,1
31,56,31,56,613.809,-121.939,1,0
31,57,31,57,633.624,-100.554,0.006,1
31,58,31,58,662.695,-108.733,1,0
31,59,31,59,692.301,-110.799,1,0
31,60,31,60,722.056,-100.502,0.006,1
31,61,31,61,746.32,-128.873,1,0
31,62,31,62,770.851,-98.0192,0,1
31,63,31,63,796.264,-123.077,1,0
31,64,31,64,818.86,-128.266,1,0
31,65,31,65,849.953,-118.249,1,0
31,66,31,66,881.796,-130.496,1,0
31,67,31,67,912.172,-127.608,1,0
31,68,31,68,935.524,-113.089,1,0
31,69,31,69,959.55,-92.9067,0,1
31,70,31,70,980.1,-121.397,1,0
31,71,31,71,1000.58,-94.4945,0,1
31,72,31,72,1017.54,-121.269,1,0
31,73,31,73,1038.06,-110.961,1,0
31,74,31,74,1064.28,-104.214,0.4,1
31,75,31,DSO,661.858,-102.058,0.03,1
31,76,31,Market,661.858,-122.441,1,0
32,33,32,33,19.105,-94.7892,0,1
32,34,32,34,47.0106,-78.8079,0,1
32,35,32,35,68.593,-87.9844,0,1
32,36,32,36,98.2904,-103.259,0.15,1
32,37,32,37,119.754,-94.828,0,1
32,38,32,38,142.341,-93.7009,0,1
32,39,32,39,169,-112.044,1,0
32,40,32,40,186.698,-87.3747,0,1
32,41,32,41,213.663,-96.1362,0,1
32,42,32,42,239.019,-83.0701,0,1
32,43,32,43,268.017,-115.321,1,0
32,44,32,44,294.966,-85.301,0,1
32,45,32,45,311.207,-91.6805,0,1
32,46,32,46,328.976,-92.5365,0,1
32,47,32,47,352.483,-93.5713,0,1
32,48,32,48,385.105,-99.2459,0,1
32,49,32,49,413.495,-97.1401,0,1
32,50,32,50,433.761,-114.04,1,0
32,51,32,51,459.436,-106.823,1,0
32,52,32,52,478.759,-97.9958,0,1
32,53,32,53,510.495,-94.6412,0,1
32,54,32,54,545.135,-106.228,1,0
32,55,32,55,572.368,-113.687,1,0
32,56,32,56,591.346,-121.331,1,0
32,57,32,57,611.176,-93.1113,0,1
32,58,32,58,640.307,-127.463,1,0
32,59,32,59,669.828,-91.9595,0,1
32,60,32,60,699.629,-90.4743,0,1
32,61,32,61,724.009,-123.679,1,0
32,62,32,62,748.42,-93.1606,0,1
32,63,32,63,773.793,-98.9235,0,1
32,64,32,64,796.354,-98.7274,0,1
32,65,32,65,827.413,-105.471,1,0
32,66,32,66,859.289,-104.693,0.8,0
32,67,32,67,889.612,-113.522,1,0
32,68,32,68,912.877,-96.5628,0,1
32,69,32,69,936.93,-112.142,1,0
32,70,32,70,957.424,-122.691,1,0
32,71,32,71,977.931,-94.5233,0,1
32,72,32,72,994.906,-106.53,1,0
32,73,32,73,1015.41,-126.774,1,0
32,74,32,74,1041.58,-94.5037,0,1
32,75,32,DSO,684.573,-126.43,1,0
32,76,32,Market,684.573,-117.346,1,0
33,34,33,34,28.0179,-93.1252,0,1
33,35,33,35,49.4975,-79.557,0,1
33,36,33,36,79.196,-81.0023,0,1
33,37,33,37,100.658,-91.2852,0,1
33,38,33,38,123.24,-94.6051,0,1
33,39,33,39,149.907,-103.474,0.4,1
33,40,33,40,167.622,-89.7395,0,1
33,41,33,41,194.61,-99.1734,0,1
33,42,33,42,219.92,-100.708,0.006,1
33,43,33,43,248.938,-89.5896,0,1
33,44,33,44,275.902,-119.467,1,0
33,45,33,45,292.139,-111.101,1,0
33,46,33,46,309.919,-93.9693,0,1
33,47,33,47,333.444,-99.2252,0,1
33,48,33,48,366.072,-109.699,1,0
33,49,33,49,394.468,-121.24,1,0
33,50,33,50,414.712,-97.0698,0,1
33,51,33,51,440.402,-123.254,1,0
33,52,33,52,459.74,-115.906,1,0
33,53,33,53,491.467,-86.7939,0,1
33,54,33,54,526.104,-99.13,0,1
33,55,33,55,553.312,-105.679,1,0
33,56,33,56,572.281,-122.421,1,0
33,57,33,57,592.112,-90.3782,0,1
33,58,33,58,621.252,-117.61,1,0
33,59,33,59,650.76,-104.818,0.8,0
33,60,33,60,680.567,-118.839,1,0
33,61,33,61,704.965,-94.6604,0,1
33,62,33,62,729.357,-107.714,1,0
33,63,33,63,754.724,-111.51,1,0
33,64,33,64,777.281,-97.9183,0,1
33,65,33,65,808.335,-116.404,1,0
33,66,33,66,840.214,-91.823,0,1
33,67,33,67,870.531,-128.447,1,0
33,68,33,68,893.787,-103.574,0.4,1
33,69,33,69,917.842,-104.41,0.8,0
33,70,33,70,938.331,-92.6078,0,1
33,71,33,71,958.841,-111.648,1,0
33,72,33,72,975.817,-119.218,1,0
33,73,33,73,996.316,-126.649,1,0
33,74,33,74,1022.49,-118.683,1,0
33,75,33,DSO,703.674,-98.6716,0,1
33,76,33,Market,703.674,-105.843,1,0
34,35,34,35,22.4722,-84.6347,0,1
34,36,34,36,51.8556,-96.6837,0,1
34,37,34,37,72.8629,-75.5152,0,1
34,38,34,38,95.483,-92.7151,0,1
34,39,34,39,122.43,-87.5397,0,1
34,40,34,40,140.264,-76.2095,0,1
34,41,34,41,167.362,-107.8,1,0
34,42,34,42,192.354,-82.7499,0,1
34,43,34,43,221.515,-80.293,0,1
34,44,34,44,248.558,-87.3214,0,1
34,45,34,45,264.764,-105.482,1,0
34,46,34,46,282.604,-94.1263,0,1
34,47,34,47,306.206,-111.963,1,0
34,48,34,48,338.851,-84.3689,0,1
34,49,34,49,367.266,-115.609,1,0
34,50,34,50,387.408,-107.644,1,0
34,51,34,51,413.165,-102.136,0.03,1
34,52,34,52,432.56,-104.88,0.8,0
34,53,34,53,464.247,-113.475,1,0
34,54,34,54,498.865,-110.334,1,0
34,55,34,55,525.963,-92.5562,0,1
34,56,34,56,544.885,-103.697,0.4,1
34,57,34,57,564.725,-111.407,1,0
34,58,34,58,593.903,-121.059,1,0
34,59,34,59,623.347,-122.425,1,0
34,60,34,60,653.184,-106.139,1,0
34,61,34,61,677.661,-123.58,1,0
34,62,34,62,701.964,-89.2186,0,1
34,63,34,63,727.303,-106.098,1,0
34,64,34,64,749.833,-124.098,1,0
34,65,34,65,780.862,-100.477,0.006,1
34,66,34,66,812.761,-116.124,1,0
34,67,34,67,843.042,-124.125,1,0
34,68,34,68,866.241,-123.349,1,0
34,69,34,69,890.311,-100.784,0.006,1
34,70,34,70,910.763,-128.935,1,0
34,71,34,71,931.292,-94.4431,0,1
34,72,34,72,948.275,-93.2514,0,1
34,73,34,73,968.762,-109.109,1,0
34,74,34,74,994.899,-101.035,0.006,1
34,75,34,DSO,731.345,-109.559,1,0
34,76,34,Market,731.345,-91.4924,0,1
35,36,35,36,29.6985,-63.7071,0,1
35,37,35,37,51.4004,-82.7618,0,1
35,38,35,38,73.8783,-87.3089,0,1
35,39,35,39,100.409,-106.265,1,0
35,40,35,40,118.14,-84.6996,0,1
35,41,35,41,145.165,-78.1784,0,1
35,42,35,42,170.426,-96.72,0,1
35,43,35,43,199.449,-96.5973,0,1
35,44,35,44,226.433,-95.0144,0,1
35,45,35,45,242.662,-84.398,0,1
35,46,35,46,260.461,-118.574,1,0
35,47,35,47,284.016,-111.658,1,0
35,48,35,48,316.653,-102.759,0.15,1
35,49,35,49,345.058,-116.091,1,0
35,50,35,50,365.262,-89.8882,0,1
35,51,35,51,390.978,-85.2509,0,1
35,52,35,52,410.343,-98.5925,0,1
35,53,35,53,442.052,-104.043,0.4,1
35,54,35,54,476.681,-99.4392,0.0015,1
35,55,35,55,503.849,-95.2987,0,1
35,56,35,56,522.805,-102.134,0.03,1
35,57,35,57,542.639,-124.465,1,0
35,58,35,58,571.79,-125.158,1,0
35,59,35,59,601.28,-125.013,1,0
35,60,35,60,631.096,-126.762,1,0
35,61,35,61,655.52,-112.565,1,0
35,62,35,62,679.883,-126.006,1,0
35,63,35,63,705.244,-127.582,1,0
35,64,35,64,727.795,-117.141,1,0
35,65,35,65,758.845,-103.074,0.15,1
35,66,35,66,790.728,-90.7816,0,1
35,67,35,67,821.039,-125.878,1,0
35,68,35,68,844.29,-106.547,1,0
35,69,35,69,868.346,-107.834,1,0
35,70,35,70,888.834,-127.897,1,0
35,71,35,71,909.344,-100.283,0.0015,1
35,72,35,72,926.32,-124.095,1,0
35,73,35,73,946.818,-128.835,1,0
35,74,35,74,972.988,-117.829,1,0
35,75,35,DSO,753.165,-116.583,1,0
35,76,35,Market,753.165,-99.5963,0.0015,1
36,37,36,37,22.3607,-61.2624,0,1
36,38,36,38,44.4072,-84.8291,0,1
36,39,36,39,70.7107,-103.483,0.4,1
36,40,36,40,88.459,-97.7117,0,1
36,41,36,41,115.521,-100.985,0.006,1
36,42,36,42,140.73,-99.0303,0,1
36,43,36,43,169.759,-100.47,0.006,1
36,44,36,44,196.759,-97.425,0,1
36,45,36,45,212.981,-107.538,1,0
36,46,36,46,230.794,-79.4239,0,1
36,47,36,47,254.372,-89.9231,0,1
36,48,36,48,287.014,-99.6669,0.0015,1
36,49,36,49,315.425,-105.674,1,0
36,50,36,50,335.598,-92.8343,0,1
36,51,36,51,361.334,-115.419,1,0
36,52,36,52,380.716,-111.055,1,0
36,53,36,53,412.412,-86.1474,0,1
36,54,36,54,447.036,-106.381,1,0
36,55,36,55,474.175,-90.4154,0,1
36,56,36,56,493.122,-117.012,1,0
36,57,36,57,512.957,-119.576,1,0
36,58,36,58,542.116,-109.377,1,0
36,59,36,59,571.594,-111.552,1,0
36,60,36,60,601.415,-115.235,1,0
36,61,36,61,625.856,-108.857,1,0
36,62,36,62,650.201,-121.412,1,0
36,63,36,63,675.557,-98.2011,0,1
36,64,36,64,698.104,-109.733,1,0
36,65,36,65,729.151,-100.736,0.006,1
36,66,36,66,761.036,-127.363,1,0
36,67,36,67,791.344,-124.551,1,0
36,68,36,68,814.592,-102.396,0.15,1
36,69,36,69,838.648,-107.014,1,0
36,70,36,70,859.135,-120.378,1,0
36,71,36,71,879.645,-93.1396,0,1
36,72,36,72,896.621,-111.463,1,0
36,73,36,73,917.12,-126.804,1,0
36,74,36,74,943.29,-94.3383,0,1
36,75,36,DSO,782.86,-97.6851,0,1
36,76,36,Market,782.86,-101.566,0.03,1
37,38,37,38,22.6274,-91.818,0,1
37,39,37,39,50,-90.6487,0,1
37,40,37,40,68.0074,-103.598,0.4,1
37,41,37,41,95.2103,-97.1426,0,1
37,42,37,42,119.604,-92.7011,0,1
37,43,37,43,148.923,-78.0084,0,1
37,44,37,44,176.051,-100.528,0.006,1
37,45,37,45,192.2,-93.2202,0,1
37,46,37,46,210.109,-99.2158,0,1
37,47,37,47,233.805,-81.3658,0,1
37,48,37,48,266.453,-105.181,0.8,0
37,49,37,49,294.878,-101.533,0.03,1
37,50,37,50,314.875,-115.841,1,0
37,51,37,51,340.708,-89.7019,0,1
37,52,37,52,360.174,-94.092,0,1
37,53,37,53,391.796,-113.3,1,0
37,54,37,54,426.381,-119.622,1,0
37,55,37,55,453.345,-101.424,0.03,1
37,56,37,56,472.217,-107.867,1,0
37,57,37,57,492.062,-98.1631,0,1
37,58,37,58,521.277,-90.6217,0,1
37,59,37,59,550.654,-112.273,1,0
37,60,37,60,580.517,-96.0326,0,1
37,61,37,61,605.075,-113.251,1,0
37,62,37,62,629.286,-111.492,1,0
37,63,37,63,654.597,-116.996,1,0
37,64,37,64,677.103,-97.8672,0,1
37,65,37,65,708.111,-124.498,1,0
37,66,37,66,740.024,-94.3178,0,1
37,67,37,67,770.276,-104.647,0.8,0
37,68,37,68,793.436,-96.1403,0,1
37,69,37,69,817.515,-108.794,1,0
37,70,37,70,837.946,-123.935,1,0
37,71,37,71,858.485,-124.24,1,0
37,72,37,72,875.471,-114.608,1,0
37,73,37,73,895.951,-125.291,1,0
37,74,37,74,922.072,-129.514,1,0
37,75,37,DSO,804.207,-98.5034,0,1
37,76,37,Market,804.207,-103.611,0.4,1
38,39,38,39,27.7849,-85.5692,0,1
38,40,38,40,45.793,-88.7172,0,1
38,41,38,41,72.9452,-85.3941,0,1
38,42,38,42,97,-95.3711,0,1
38,43,38,43,126.372,-97.3667,0,1
38,44,38,44,153.525,-100.028,0.0015,1
38,45,38,45,169.65,-98.2022,0,1
38,46,38,46,187.579,-79.507,0,1
38,47,38,47,211.303,-90.0884,0,1
38,48,38,48,243.945,-109.435,1,0
38,49,38,49,272.369,-112.098,1,0
38,50,38,50,292.318,-118.922,1,0
38,51,38,51,318.173,-102.32,0.03,1
38,52,38,52,337.658,-103.633,0.4,1
38,53,38,53,369.259,-93.5759,0,1
38,54,38,54,403.833,-91.5025,0,1
38,55,38,55,430.76,-110.173,1,0
38,56,38,56,449.619,-114.85,1,0
38,57,38,57,469.465,-111.545,1,0
38,58,38,58,498.688,-85.9255,0,1
38,59,38,59,528.049,-103.509,0.4,1
38,60,38,60,557.918,-99.7378,0.0015,1
38,61,38,61,582.495,-104.348,0.4,1
38,62,38,62,606.684,-124.04,1,0
38,63,38,63,631.988,-94.8587,0,1
38,64,38,64,654.49,-111.529,1,0
38,65,38,65,685.493,-114.414,1,0
38,66,38,66,717.409,-122.999,1,0
38,67,38,67,747.656,-125.682,1,0
38,68,38,68,770.81,-113.602,1,0
38,69,38,69,794.89,-91.7385,0,1
38,70,38,70,815.319,-122.806,1,0
38,71,38,71,835.859,-119.487,1,0
38,72,38,72,852.846,-125.473,1,0
38,73,38,73,873.325,-103.624,0.4,1
38,74,38,74,899.444,-103.595,0.4,1
38,75,38,DSO,826.828,-126.33,1,0
38,76,38,Market,826.828,-94.9427,0,1
39,40,39,40,18.0278,-60.1747,0,1
39,41,39,41,45.2217,-93.6353,0,1
39,42,39,42,70.0357,-70.8035,0,1
39,43,39,43,99.0858,-89.2103,0,1
39,44,39,44,126.151,-94.7303,0,1
39,45,39,45,142.341,-79.8122,0,1
39,46,39,46,160.206,-113.27,1,0
39,47,39,47,183.861,-100.559,0.006,1
39,48,39,48,216.511,-117.185,1,0
39,49,39,49,244.935,-80.8999,0,1
39,50,39,50,265.002,-89.5154,0,1
39,51,39,51,290.795,-88.9552,0,1
39,52,39,52,310.234,-115.547,1,0
39,53,39,53,341.883,-113.886,1,0
39,54,39,54,376.485,-109.468,1,0
39,55,39,55,403.537,-84.2777,0,1
39,56,39,56,422.456,-110.009,1,0
39,57,39,57,442.295,-96.7243,0,1
39,58,39,58,471.476,-119.36,1,0
39,59,39,59,500.919,-86.5266,0,1
39,60,39,60,530.754,-123.416,1,0
39,61,39,61,555.244,-126.465,1,0
39,62,39,62,579.535,-104.462,0.8,0
39,63,39,63,604.878,-110.591,1,0
39,64,39,64,627.415,-89.7358,0,1
39,65,39,65,658.453,-99.7818,0.0015,1
39,66,39,66,690.345,-110.357,1,0
39,67,39,67,720.642,-125.989,1,0
39,68,39,68,743.882,-97.1909,0,1
39,69,39,69,767.939,-109.668,1,0
39,70,39,70,788.424,-123.744,1,0
39,71,39,71,808.935,-108.022,1,0
39,72,39,72,825.912,-118.869,1,0
39,73,39,73,846.409,-113.743,1,0
39,74,39,74,872.58,-127.733,1,0
39,75,39,DSO,853.563,-100.866,0.006,1
39,76,39,Market,853.563,-109.71,1,0
40,41,40,41,27.2029,-72.5801,0,1
40,42,40,42,52.6308,-103.037,0.15,1
40,43,40,43,81.3204,-84.7464,0,1
40,44,40,44,108.301,-107.918,1,0
40,45,40,45,124.523,-83.3591,0,1
40,46,40,46,142.341,-78.3349,0,1
40,47,40,47,165.952,-99.4577,0.0015,1
40,48,40,48,198.6,-116.307,1,0
40,49,40,49,227.02,-106.631,1,0
40,50,40,50,247.146,-84.8945,0,1
40,51,40,51,272.905,-83.2743,0,1
40,52,40,52,292.318,-98.0464,0,1
40,53,40,53,323.989,-120.73,1,0
40,54,40,54,358.603,-117.122,1,0
40,55,40,55,385.716,-113.524,1,0
40,56,40,56,404.665,-101.989,0.03,1
40,57,40,57,424.5,-116.48,1,0
40,58,40,58,453.657,-89.9668,0,1
40,59,40,59,483.141,-115.423,1,0
40,60,40,60,512.957,-98.2295,0,1
40,61,40,61,537.402,-89.4846,0,1
40,62,40,62,561.744,-105.499,1,0
40,63,40,63,587.105,-106.318,1,0
40,64,40,64,609.659,-115.104,1,0
40,65,40,65,640.715,-105.636,1,0
40,66,40,66,672.593,-113.802,1,0
40,67,40,67,702.915,-115.513,1,0
40,68,40,68,726.199,-100.721,0.006,1
40,69,40,69,750.243,-107.13,1,0
40,70,40,70,770.758,-103.349,0.15,1
40,71,40,71,791.253,-117.815,1,0
40,72,40,72,808.223,-95.0687,0,1
40,73,40,73,828.73,-117.31,1,0
40,74,40,74,854.927,-110.907,1,0
40,75,40,DSO,871.197,-118.364,1,0
40,76,40,Market,871.197,-114.788,1,0
41,42,41,42,27.313,-85.1476,0,1
41,43,41,43,54.5619,-74.6429,0,1
41,44,41,44,81.3204,-75.9194,0,1
41,45,41,45,97.5807,-111.166,1,0
41,46,41,46,115.313,-103.346,0.15,1
41,47,41,47,138.852,-80.2144,0,1
41,48,41,48,171.493,-107.603,1,0
41,49,41,49,199.905,-106.443,1,0
41,50,41,50,220.102,-114.693,1,0
41,51,41,51,245.815,-105.383,1,0
41,52,41,52,265.198,-89.4984,0,1
41,53,41,53,296.892,-113.082,1,0
41,54,41,54,331.518,-89.1535,0,1
41,55,41,55,358.705,-107.32,1,0
41,56,41,56,377.69,-98.8629,0,1
41,57,41,57,397.517,-112.711,1,0
41,58,41,58,426.644,-97.1001,0,1
41,59,41,59,456.177,-106.312,1,0
41,60,41,60,485.968,-118.027,1,0
41,61,41,61,510.358,-111.736,1,0
41,62,41,62,534.76,-110.78,1,0
41,63,41,63,560.143,-99.5483,0.0015,1
41,64,41,64,582.718,-117.385,1,0
41,65,41,65,613.795,-106.493,1,0
41,66,41,66,645.654,-104.983,0.8,0
41,67,41,67,676.007,-89.324,0,1
41,68,41,68,699.346,-92.5477,0,1
41,69,41,69,723.373,-105.886,1,0
41,70,41,70,743.925,-93.7082,0,1
41,71,41,71,764.398,-127.656,1,0
41,72,41,72,781.361,-104.47,0.8,0
41,73,41,73,801.879,-123.389,1,0
41,74,41,74,828.109,-97.7919,0,1
41,75,41,DSO,898.036,-128.062,1,0
41,76,41,Market,898.036,-123.572,1,0
42,43,42,43,29.6816,-73.491,0,1
42,44,42,44,56.8595,-90.7577,0,1
42,45,42,45,72.8011,-96.0238,0,1
42,46,42,46,90.802,-98.3919,0,1
42,47,42,47,114.621,-97.2238,0,1
42,48,42,48,147.201,-94.6788,0,1
42,49,42,49,175.602,-84.744,0,1
42,50,42,50,195.389,-81.0212,0,1
42,51,42,51,221.298,-85.2046,0,1
42,52,42,52,240.84,-88.7139,0,1
42,53,42,53,272.369,-92.3645,0,1
42,54,42,54,306.91,-99.8805,0.0015,1
42,55,42,55,333.768,-103.639,0.4,1
42,56,42,56,352.619,-90.566,0,1
42,57,42,57,372.465,-96.698,0,1
42,58,42,58,401.693,-84.7731,0,1
42,59,42,59,431.051,-103.736,0.4,1
42,60,42,60,460.918,-114.125,1,0
42,61,42,61,485.507,-120.135,1,0
42,62,42,62,509.684,-114.819,1,0
42,63,42,63,534.993,-118.279,1,0
42,64,42,64,557.503,-99.8168,0.0015,1
42,65,42,65,588.518,-108.936,1,0
42,66,42,66,620.426,-121.27,1,0
42,67,42,67,650.692,-95.2081,0,1
42,68,42,68,673.891,-105.386,1,0
42,69,42,69,697.958,-116.587,1,0
42,70,42,70,718.422,-123.391,1,0
42,71,42,71,738.943,-120.378,1,0
42,72,42,72,755.924,-115.528,1,0
42,73,42,73,776.415,-107.088,1,0
42,74,42,74,802.569,-113.007,1,0
42,75,42,DSO,923.59,-124.011,1,0
42,76,42,Market,923.59,-99.0149,0,1
43,44,43,44,27.2029,-76.0172,0,1
43,45,43,45,43.2782,-85.5834,0,1
43,46,43,46,61.2209,-104.555,0.8,0
43,47,43,47,85,-106.042,1,0
43,48,43,48,117.614,-75.1211,0,1
43,49,43,49,146.031,-87.1649,0,1
43,50,43,50,165.952,-95.6874,0,1
43,51,43,51,191.802,-112.171,1,0
43,52,43,52,211.303,-113.101,1,0
43,53,43,53,242.887,-115.734,1,0
43,54,43,54,277.462,-114.692,1,0
43,55,43,55,304.454,-94.5404,0,1
43,56,43,56,323.371,-113.723,1,0
43,57,43,57,343.21,-109.71,1,0
43,58,43,58,372.392,-103.286,0.15,1
43,59,43,59,401.838,-119.726,1,0
43,60,43,60,431.669,-117.209,1,0
43,61,43,61,456.169,-87.8866,0,1
43,62,43,62,480.451,-104.761,0.8,0
43,63,43,63,505.799,-120.899,1,0
43,64,43,64,528.346,-120.043,1,0
43,65,43,65,559.397,-94.2642,0,1
43,66,43,66,591.278,-117.147,1,0
43,67,43,67,621.596,-121.537,1,0
43,68,43,68,644.883,-104.972,0.8,0
43,69,43,69,668.925,-114.868,1,0
43,70,43,70,689.447,-93.459,0,1
43,71,43,71,709.937,-102.474,0.15,1
43,72,43,72,726.906,-107.892,1,0
43,73,43,73,747.415,-95.2025,0,1
43,74,43,74,773.621,-92.6123,0,1
43,75,43,DSO,952.505,-116.668,1,0
43,76,43,Market,952.505,-126.78,1,0
44,45,44,45,16.2788,-89.8202,0,1
44,46,44,46,34.0588,-64.4391,0,1
44,47,44,47,57.8014,-99.7889,0.0015,1
44,48,44,48,90.4268,-104.364,0.4,1
44,49,44,49,118.849,-98.3057,0,1
44,50,44,50,138.852,-89.1878,0,1
44,51,44,51,164.657,-114.26,1,0
44,52,44,52,184.133,-113.872,1,0
44,53,44,53,215.745,-101.952,0.03,1
44,54,44,54,250.338,-112.077,1,0
44,55,44,55,277.417,-88.4522,0,1
44,56,44,56,296.38,-116.287,1,0
44,57,44,57,316.21,-98.849,0,1
44,58,44,58,345.358,-88.4489,0,1
44,59,44,59,374.863,-96.6235,0,1
44,60,44,60,404.665,-118.169,1,0
44,61,44,61,429.104,-124.005,1,0
44,62,44,62,453.455,-116.772,1,0
44,63,44,63,478.829,-100.489,0.006,1
44,64,44,64,501.399,-110.141,1,0
44,65,44,65,532.474,-125.91,1,0
44,66,44,66,564.335,-120.583,1,0
44,67,44,67,594.687,-107.914,1,0
44,68,44,68,618.037,-119.904,1,0
44,69,44,69,642.059,-94.7189,0,1
44,70,44,70,662.623,-92.6127,0,1
44,71,44,71,683.089,-91.3487,0,1
44,72,44,72,700.049,-105.022,0.8,0
44,73,44,73,720.57,-103.642,0.4,1
44,74,44,74,746.813,-124.492,1,0
44,75,44,DSO,979.349,-96.4317,0,1
44,76,44,Market,979.349,-129.762,1,0
45,46,45,46,18.0278,-82.1758,0,1
45,47,45,47,41.8808,-83.0832,0,1
45,48,45,48,74.4043,-85.665,0,1
45,49,45,49,102.801,-82.6326,0,1
45,50,45,50,122.674,-113.088,1,0
45,51,45,51,148.529,-108.602,1,0
45,52,45,52,168.048,-113.383,1,0
45,53,45,53,199.612,-115.583,1,0
45,54,45,54,234.184,-85.0368,0,1
45,55,45,55,261.199,-87.7096,0,1
45,56,45,56,280.143,-96.4191,0,1
45,57,45,57,299.977,-85.4255,0,1
45,58,45,58,329.14,-100.487,0.006,1
45,59,45,59,358.621,-86.6196,0,1
45,60,45,60,388.434,-105.901,1,0
45,61,45,61,412.903,-101.469,0.03,1
45,62,45,62,437.221,-115.705,1,0
45,63,45,63,462.586,-89.3785,0,1
45,64,45,64,485.149,-104.881,0.8,0
45,65,45,65,516.219,-108.784,1,0
45,66,45,66,548.085,-103.253,0.15,1
45,67,45,67,578.429,-99.9398,0.0015,1
45,68,45,68,601.768,-97.7448,0,1
45,69,45,69,625.793,-91.7688,0,1
45,70,45,70,646.351,-124.318,1,0
45,71,45,71,666.82,-113.623,1,0
45,72,45,72,683.781,-89.2654,0,1
45,73,45,73,704.301,-115.714,1,0
45,74,45,74,730.54,-121.794,1,0
45,75,45,DSO,995.615,-115.238,1,0
45,76,45,Market,995.615,-99.1768,0,1
46,47,46,47,23.8537,-75.3482,0,1
46,48,46,48,56.4004,-94.1321,0,1
46,49,46,49,84.8116,-108.936,1,0
46,50,46,50,104.805,-86.2922,0,1
46,51,46,51,130.599,-82.0524,0,1
46,52,46,52,150.083,-114.171,1,0
46,53,46,53,181.687,-97.0622,0,1
46,54,46,54,216.28,-83.2874,0,1
46,55,46,55,243.393,-90.4593,0,1
46,56,46,56,262.383,-87.5577,0,1
46,57,46,57,282.207,-113.819,1,0
46,58,46,58,311.333,-117.118,1,0
46,59,46,59,340.872,-92.0696,0,1
46,60,46,60,370.656,-106.392,1,0
46,61,46,61,395.062,-85.5123,0,1
46,62,46,62,419.448,-96.4996,0,1
46,63,46,63,444.838,-90.2849,0,1
46,64,46,64,467.424,-85.101,0,1
46,65,46,65,498.515,-88.9177,0,1
46,66,46,66,530.36,-95.2715,0,1
46,67,46,67,560.736,-100.073,0.0015,1
46,68,46,68,584.132,-92.8226,0,1
46,69,46,69,608.138,-104.213,0.4,1
46,70,46,70,628.733,-95.7829,0,1
46,71,46,71,649.179,-116.136,1,0
46,72,46,72,666.132,-124,1,0
46,73,46,73,686.662,-93.5864,0,1
46,74,46,74,712.933,-123.661,1,0
46,75,46,DSO,1013.28,-123.028,1,0
46,76,46,Market,1013.28,-119.802,1,0
47,48,47,48,32.6497,-72.4162,0,1
47,49,47,49,61.0737,-86.2132,0,1
47,50,47,50,81.3204,-74.7774,0,1
47,51,47,51,106.963,-105.346,0.8,0
47,52,47,52,126.372,-112.911,1,0
47,53,47,53,158.041,-95.4847,0,1
47,54,47,54,192.666,-97.3404,0,1
47,55,47,55,219.939,-93.0618,0,1
47,56,47,56,239.002,-88.2127,0,1
47,57,47,57,258.805,-90.9598,0,1
47,58,47,58,287.863,-92.1524,0,1
47,59,47,59,317.492,-118.7,1,0
47,60,47,60,347.225,-121.768,1,0
47,61,47,61,371.528,-98.5556,0,1
47,62,47,62,396.02,-114.924,1,0
47,63,47,63,421.445,-103.886,0.4,1
47,64,47,64,444.063,-84.8894,0,1
47,65,47,65,475.184,-95.391,0,1
47,66,47,66,506.996,-86.1472,0,1
47,67,47,67,537.418,-121.681,1,0
47,68,47,68,560.897,-107.234,1,0
47,69,47,69,584.873,-102.348,0.03,1
47,70,47,70,605.521,-103.232,0.15,1
47,71,47,71,625.934,-99.5098,0.0015,1
47,72,47,72,642.872,-95.8257,0,1
47,73,47,73,663.417,-116.816,1,0
47,74,47,74,689.734,-106.451,1,0
47,75,47,DSO,1036.63,-99.6235,0.0015,1
47,76,47,Market,1036.63,-96.6317,0,1
48,49,48,49,28.4253,-65.478,0,1
48,50,48,50,48.8365,-72.5433,0,1
48,51,48,51,74.3303,-102.579,0.15,1
48,52,48,52,93.723,-97.9026,0,1
48,53,48,53,125.399,-103.408,0.4,1
48,54,48,54,160.031,-103.337,0.15,1
48,55,48,55,187.385,-100.752,0.006,1
48,56,48,56,206.495,-87.6748,0,1
48,57,48,57,226.279,-88.4847,0,1
48,58,48,58,255.29,-93.5019,0,1
48,59,48,59,284.972,-105.702,1,0
48,60,48,60,314.67,-114.016,1,0
48,61,48,61,338.917,-107.812,1,0
48,62,48,62,363.464,-115.149,1,0
48,63,48,63,388.909,-96.5759,0,1
48,64,48,64,411.546,-106.004,1,0
48,65,48,65,442.685,-87.2977,0,1
48,66,48,66,474.473,-96.83,0,1
48,67,48,67,504.924,-120.962,1,0
48,68,48,68,528.459,-125.392,1,0
48,69,48,69,552.414,-104.92,0.8,0
48,70,48,70,573.099,-103.765,0.4,1
48,71,48,71,593.485,-117.699,1,0
48,72,48,72,610.414,-115.391,1,0
48,73,48,73,630.968,-97.8319,0,1
48,74,48,74,657.317,-122.751,1,0
48,75,48,DSO,1069.17,-115.913,1,0
48,76,48,Market,1069.17,-131.148,1,0
49,50,49,50,21.095,-75.3116,0,1
49,51,49,51,45.9674,-72.9017,0,1
49,52,49,52,65.2993,-83.2584,0,1
49,53,49,53,97,-75.8231,0,1
49,54,49,54,131.643,-79.1327,0,1
49,55,49,55,159.113,-95.1954,0,1
49,56,49,56,178.281,-86.469,0,1
49,57,49,57,198.035,-100.093,0.0015,1
49,58,49,58,226.982,-81.9697,0,1
49,59,49,59,256.727,-79.8892,0,1
49,60,49,60,286.379,-92.9294,0,1
49,61,49,61,310.556,-104.124,0.4,1
49,62,49,62,335.169,-111.85,1,0
49,63,49,63,360.636,-88.1685,0,1
49,64,49,64,383.294,-107.947,1,0
49,65,49,65,414.451,-95.6212,0,1
49,66,49,66,446.212,-111.563,1,0
49,67,49,67,476.693,-124.477,1,0
49,68,49,68,500.289,-85.9959,0,1
49,69,49,69,524.218,-121.566,1,0
49,70,49,70,544.942,-113.538,1,0
49,71,49,71,565.301,-124.445,1,0
49,72,49,72,582.217,-107.105,1,0
49,73,49,73,602.78,-89.6049,0,1
49,74,49,74,629.162,-96.8878,0,1
49,75,49,DSO,1097.47,-116.484,1,0
49,76,49,Market,1097.47,-99.48,0.0015,1
50,51,50,51,26.0768,-62.8287,0,1
50,52,50,52,45.793,-72.2915,0,1
50,53,50,53,77.0065,-83.6041,0,1
50,54,50,54,111.521,-106.394,1,0
50,55,50,55,138.622,-103.411,0.4,1
50,56,50,56,157.686,-114.936,1,0
50,57,50,57,177.485,-79.7205,0,1
50,58,50,58,206.553,-114.526,1,0
50,59,50,59,236.174,-96.3335,0,1
50,60,50,60,265.906,-94.0655,0,1
50,61,50,61,290.259,-96.0965,0,1
50,62,50,62,314.701,-112.843,1,0
50,63,50,63,340.125,-98.9462,0,1
50,64,50,64,362.746,-104.726,0.8,0
50,65,50,65,393.874,-108.348,1,0
50,66,50,66,425.678,-116.916,1,0
50,67,50,67,456.111,-110.571,1,0
50,68,50,68,479.627,-104.643,0.8,0
50,69,50,69,503.587,-100.155,0.0015,1
50,70,50,70,524.264,-109.665,1,0
50,71,50,71,544.656,-121.934,1,0
50,72,50,72,561.587,-118.155,1,0
50,73,50,73,582.138,-97.5429,0,1
50,74,50,74,608.482,-91.3705,0,1
50,75,50,DSO,1117.95,-95.2124,0,1
50,76,50,Market,1117.95,-114.125,1,0
51,52,51,52,19.7231,-63.2624,0,1
51,53,51,53,51.0882,-80.4819,0,1
51,54,51,54,85.703,-81.3696,0,1
51,55,51,55,113.172,-96.9233,0,1
51,56,51,56,132.382,-96.9963,0,1
51,57,51,57,152.109,-113.671,1,0
51,58,51,58,181.019,-86.81,0,1
51,59,51,59,210.794,-93.8663,0,1
51,60,51,60,240.42,-86.6461,0,1
51,61,51,61,264.594,-95.8467,0,1
51,62,51,62,289.208,-118.863,1,0
51,63,51,63,314.682,-113.259,1,0
51,64,51,64,337.35,-120.332,1,0
51,65,51,65,368.517,-108.808,1,0
51,66,51,66,400.262,-88.008,0,1
51,67,51,67,430.759,-100.116,0.0015,1
51,68,51,68,454.394,-110.02,1,0
51,69,51,69,478.305,-112.829,1,0
51,70,51,70,499.056,-96.343,0,1
51,71,51,71,519.394,-102.146,0.03,1
51,72,51,72,536.302,-89.2893,0,1
51,73,51,73,556.871,-92.0358,0,1
51,74,51,74,583.275,-99.5575,0.0015,1
51,75,51,DSO,1143.44,-110.866,1,0
51,76,51,Market,1143.44,-119.227,1,0
52,53,52,53,31.8277,-75.1091,0,1
52,54,52,54,66.468,-71.6072,0,1
52,55,52,55,94.3663,-79.8913,0,1
52,56,52,56,113.701,-95.4876,0,1
52,57,52,57,133.304,-111.204,1,0
52,58,52,58,162.003,-96.4784,0,1
52,59,52,59,191.919,-104.924,0.8,0
52,60,52,60,221.416,-89.9301,0,1
52,61,52,61,245.392,-103.426,0.4,1
52,62,52,62,270.174,-97.0456,0,1
52,63,52,63,295.692,-110.959,1,0
52,64,52,64,318.399,-101.839,0.03,1
52,65,52,65,349.597,-104.226,0.4,1
52,66,52,66,381.278,-105.409,1,0
52,67,52,67,411.83,-111.992,1,0
52,68,52,68,435.574,-100.291,0.0015,1
52,69,52,69,459.436,-122.143,1,0
52,70,52,70,480.252,-113.618,1,0
52,71,52,71,500.537,-120.17,1,0
52,72,52,72,517.421,-120.808,1,0
52,73,52,73,538.004,-92.9896,0,1
52,74,52,74,564.462,-114.174,1,0
52,75,52,DSO,1162.59,-103.51,0.4,1
52,76,52,Market,1162.59,-130.553,1,0
53,54,53,54,34.6554,-65.336,0,1
53,55,53,55,62.6259,-67.9362,0,1
53,56,53,56,82.0061,-109.1,1,0
53,57,53,57,101.533,-86.358,0,1
53,58,53,58,130.177,-83.4222,0,1
53,59,53,59,160.112,-102.066,0.03,1
53,60,53,60,189.589,-103.656,0.4,1
53,61,53,61,213.588,-96.3986,0,1
53,62,53,62,238.346,-82.8056,0,1
53,63,53,63,263.865,-110.868,1,0
53,64,53,64,286.575,-89.2518,0,1
53,65,53,65,317.775,-120.732,1,0
53,66,53,66,349.451,-102.657,0.15,1
53,67,53,67,380.007,-96.8257,0,1
53,68,53,68,403.767,-87.997,0,1
53,69,53,69,427.619,-120.638,1,0
53,70,53,70,448.447,-100.265,0.0015,1
53,71,53,71,468.722,-108.667,1,0
53,72,53,72,485.603,-106.921,1,0
53,73,53,73,506.187,-105.324,0.8,0
53,74,53,74,532.654,-99.7733,0.0015,1
53,75,53,DSO,1194.4,-94.154,0,1
53,76,53,Market,1194.4,-115.455,1,0
54,55,54,55,28.6531,-74.1048,0,1
54,56,54,56,48.0208,-86.7755,0,1
54,57,54,57,67.2012,-93.5633,0,1
54,58,54,58,95.5877,-86.9087,0,1
54,59,54,59,125.607,-100.593,0.006,1
54,60,54,60,154.987,-103.333,0.15,1
54,61,54,61,178.933,-101.858,0.03,1
54,62,54,62,203.725,-104.996,0.8,0
54,63,54,63,229.26,-97.4214,0,1
54,64,54,64,251.984,-107.196,1,0
54,65,54,65,283.196,-86.969,0,1
54,66,54,66,314.841,-104.098,0.4,1
54,67,54,67,345.419,-84.3596,0,1
54,68,54,68,369.233,-97.3454,0,1
54,69,54,69,393.056,-103.615,0.4,1
54,70,54,70,413.918,-108.539,1,0
54,71,54,71,434.162,-110.899,1,0
54,72,54,72,451.031,-122.19,1,0
54,73,54,73,471.621,-113.602,1,0
54,74,54,74,498.113,-109.498,1,0
54,75,54,DSO,1229.05,-120.968,1,0
54,76,54,Market,1229.05,-132.651,1,0
55,56,55,56,19.4165,-80.3855,0,1
55,57,55,57,38.9487,-81.1263,0,1
55,58,55,58,67.9412,-93.2883,0,1
55,59,55,59,97.6217,-101.052,0.006,1
55,60,55,60,127.287,-82.1473,0,1
55,61,55,61,151.743,-76.8025,0,1
55,62,55,62,176.082,-82.844,0,1
55,63,55,63,201.527,-108.352,1,0
55,64,55,64,224.181,-79.797,0,1
55,65,55,65,255.345,-100.55,0.006,1
55,66,55,66,287.099,-87.8654,0,1
55,67,55,67,317.586,-81.9261,0,1
55,68,55,68,341.248,-121.333,1,0
55,69,55,69,365.141,-94.0134,0,1
55,70,55,70,385.918,-94.0174,0,1
55,71,55,71,406.234,-105.245,0.8,0
55,72,55,72,423.136,-88.6049,0,1
55,73,55,73,443.708,-115.337,1,0
55,74,55,74,470.134,-113.571,1,0
55,75,55,DSO,1256.55,-95.7835,0,1
55,76,55,Market,1256.55,-115.07,1,0
56,57,56,57,19.8494,-79.5933,0,1
56,58,56,58,49.2037,-96.8838,0,1
56,59,56,59,78.492,-101.612,0.03,1
56,60,56,60,108.301,-89.1538,0,1
56,61,56,61,133.06,-100.14,0.0015,1
56,62,56,62,157.08,-106.522,1,0
56,63,56,63,182.455,-114.157,1,0
56,64,56,64,205.061,-82.1031,0,1
56,65,56,65,236.191,-82.1307,0,1
56,66,56,66,267.994,-110.64,1,0
56,67,56,67,298.429,-92.2453,0,1
56,68,56,68,322.014,-102.072,0.03,1
56,69,56,69,345.938,-119.226,1,0
56,70,56,70,366.674,-95.508,0,1
56,71,56,71,387.021,-114.031,1,0
56,72,56,72,403.937,-120.318,1,0
56,73,56,73,424.5,-108.223,1,0
56,74,56,74,450.894,-101.757,0.03,1
56,75,56,DSO,1275.63,-127.109,1,0
56,76,56,Market,1275.63,-124.278,1,0
57,58,57,58,29.4109,-96.8881,0,1
57,59,57,59,58.6941,-92.1835,0,1
57,60,57,60,88.459,-109.52,1,0
57,61,57,61,113.23,-102.326,0.03,1
57,62,57,62,137.244,-114.367,1,0
57,63,57,63,162.641,-108.821,1,0
57,64,57,64,185.267,-82.6182,0,1
57,65,57,65,216.416,-89.7338,0,1
57,66,57,66,248.195,-82.3938,0,1
57,67,57,67,278.657,-119.537,1,0
57,68,57,68,302.3,-84.2236,0,1
57,69,57,69,326.198,-99.2249,0,1
57,70,57,70,346.97,-83.0718,0,1
57,71,57,71,367.289,-87.6443,0,1
57,72,57,72,384.194,-122.24,1,0
57,73,57,73,404.764,-92.6159,0,1
57,74,57,74,431.186,-88.1602,0,1
57,75,57,DSO,1295.43,-102.583,0.15,1
57,76,57,Market,1295.43,-127.594,1,0
58,59,58,59,30.2324,-76.6695,0,1
58,60,58,60,59.4138,-94.5609,0,1
58,61,58,61,83.8689,-107.424,1,0
58,62,58,62,108.19,-91.8622,0,1
58,63,58,63,133.69,-85.7851,0,1
58,64,58,64,156.4,-89.4287,0,1
58,65,58,65,187.609,-88.5484,0,1
58,66,58,66,219.276,-92.6419,0,1
58,67,58,67,249.834,-99.3237,0,1
58,68,58,68,273.66,-90.574,0,1
58,69,58,69,297.469,-83.813,0,1
58,70,58,70,318.347,-118.175,1,0
58,71,58,71,338.576,-106.149,1,0
58,72,58,72,355.443,-111.717,1,0
58,73,58,73,376.033,-115.039,1,0
58,74,58,74,402.534,-84.8093,0,1
58,75,58,DSO,1324.45,-94.2811,0,1
58,76,58,Market,1324.45,-112.578,1,0
59,60,59,60,30,-62.6002,0,1
59,61,59,61,55.5698,-77.825,0,1
59,62,59,62,78.6448,-96.9256,0,1
59,63,59,63,103.966,-73.1727,0,1
59,64,59,64,126.574,-101.628,0.03,1
59,65,59,65,157.724,-111.021,1,0
59,66,59,66,189.505,-111.506,1,0
59,67,59,67,219.966,-109.364,1,0
59,68,59,68,243.655,-96.2319,0,1
59,69,59,69,267.526,-93.4129,0,1
59,70,59,70,288.335,-87.9967,0,1
59,71,59,71,308.623,-113.327,1,0
59,72,59,72,325.518,-115.45,1,0
59,73,59,73,346.094,-95.4456,0,1
59,74,59,74,372.543,-84.2125,0,1
59,75,59,DSO,1354.12,-106.625,1,0
59,76,59,Market,1354.12,-98.321,0,1
60,61,60,61,26,-97.1,0,1
60,62,60,62,48.7955,-99.5454,0.0015,1
60,63,60,63,74.2765,-108.17,1,0
60,64,60,64,97,-99.5257,0.0015,1
60,65,60,65,128.222,-94.7777,0,1
60,66,60,66,159.862,-95.0091,0,1
60,67,60,67,190.434,-115.348,1,0
60,68,60,68,214.336,-94.0688,0,1
60,69,60,69,238.097,-114.731,1,0
60,70,60,70,259.023,-115.414,1,0
60,71,60,71,279.206,-101.316,0.006,1
60,72,60,72,296.057,-98.9926,0,1
60,73,60,73,316.653,-96.5978,0,1
60,74,60,74,343.185,-95.6766,0,1
60,75,60,DSO,1383.84,-122.912,1,0
60,76,60,Market,1383.84,-117.556,1,0
61,62,61,62,26.4008,-78.3343,0,1
61,63,61,63,51.6236,-75.277,0,1
61,64,61,64,74.3303,-93.308,0,1
61,65,61,65,105.437,-101.726,0.03,1
61,66,61,66,136.499,-113.995,1,0
61,67,61,67,167.263,-97.8918,0,1
61,68,61,68,191.604,-108.281,1,0
61,69,61,69,215.058,-107.585,1,0
61,70,61,70,236.205,-92.5131,0,1
61,71,61,71,256.125,-103.936,0.4,1
61,72,61,72,272.855,-83.9548,0,1
61,73,61,73,293.471,-120.82,1,0
61,74,61,74,320.156,-89.1797,0,1
61,75,61,DSO,1407.98,-103.515,0.4,1
61,76,61,Market,1407.98,-115.722,1,0
62,63,62,63,25.6125,-90.8348,0,1
62,64,62,64,48.4149,-82.0599,0,1
62,65,62,65,79.6492,-105.764,1,0
62,66,62,66,111.126,-104.619,0.8,0
62,67,62,67,141.767,-83.3223,0,1
62,68,62,68,165.858,-113.399,1,0
62,69,62,69,189.497,-101.056,0.006,1
62,70,62,70,210.523,-85.2568,0,1
62,71,62,71,230.601,-93.3863,0,1
62,72,62,72,247.413,-113.947,1,0
62,73,62,73,268.019,-116.852,1,0
62,74,62,74,294.613,-119.357,1,0
62,75,62,DSO,1432.63,-127.211,1,0
62,76,62,Market,1432.63,-133.178,1,0
63,64,63,64,22.8035,-96.2026,0,1
63,65,63,65,54.037,-67.8445,0,1
63,66,63,66,85.5862,-90.3258,0,1
63,67,63,67,116.181,-75.2822,0,1
63,68,63,68,140.246,-86.3342,0,1
63,69,63,69,163.893,-76.1993,0,1
63,70,63,70,184.911,-113.245,1,0
63,71,63,71,205,-90.4185,0,1
63,72,63,72,221.822,-93.3003,0,1
63,73,63,73,242.425,-81.5957,0,1
63,74,63,74,269.007,-96.5685,0,1
63,75,63,DSO,1458.07,-106.706,1,0
63,76,63,Market,1458.07,-100.723,0.006,1
64,65,64,65,31.241,-75.8114,0,1
64,66,64,66,62.9365,-103.08,0.15,1
64,67,64,67,93.4345,-109.233,1,0
64,68,64,68,117.444,-99.6881,0.0015,1
64,69,64,69,141.113,-93.7456,0,1
64,70,64,70,162.111,-83.2196,0,1
64,71,64,71,182.222,-88.0178,0,1
64,72,64,72,199.06,-101.018,0.006,1
64,73,64,73,219.659,-98.6314,0,1
64,74,64,74,246.221,-97.5802,0,1
64,75,64,DSO,1480.69,-120.82,1,0
64,76,64,Market,1480.69,-132.574,1,0
65,66,65,66,32.0156,-66.2333,0,1
65,67,65,67,62.2415,-84.4311,0,1
65,68,65,68,86.2148,-100.71,0.006,1
65,69,65,69,109.877,-90.0359,0,1
65,70,65,70,130.874,-108.091,1,0
65,71,65,71,150.987,-107.311,1,0
65,72,65,72,167.836,-109.944,1,0
65,73,65,73,188.43,-77.8083,0,1
65,74,65,74,214.981,-113.944,1,0
65,75,65,DSO,1511.79,-127.859,1,0
65,76,65,Market,1511.79,-110.54,1,0
66,67,66,67,30.8058,-99.3142,0,1
66,68,66,68,55.5698,-84.3252,0,1
66,69,66,69,78.6003,-85.5584,0,1
66,70,66,70,99.8649,-75.7277,0,1
66,71,66,71,119.633,-109.568,1,0
66,72,66,72,136.36,-83.4022,0,1
66,73,66,73,156.975,-79.4085,0,1
66,74,66,74,183.663,-115.809,1,0
66,75,66,DSO,1543.62,-117.277,1,0
66,76,66,Market,1543.62,-106.832,1,0
67,68,67,68,25.0799,-77.6358,0,1
67,69,67,69,47.8017,-101.561,0.03,1
67,70,67,70,69.0652,-92.7634,0,1
67,71,67,71,88.8651,-106.273,1,0
67,72,67,72,105.646,-93.8693,0,1
67,73,67,73,126.254,-110.601,1,0
67,74,67,74,152.895,-103.047,0.15,1
67,75,67,DSO,1574.02,-101.862,0.03,1
67,76,67,Market,1574.02,-126.314,1,0
68,69,68,69,24.2074,-94.5441,0,1
68,70,68,70,44.6878,-79.5618,0,1
68,71,68,71,65.0538,-93.2215,0,1
68,72,68,72,82.0366,-84.3017,0,1
68,73,68,73,102.533,-80.3186,0,1
68,74,68,74,128.888,-96.2864,0,1
68,75,68,DSO,1597.38,-109.549,1,0
68,76,68,Market,1597.38,-134.881,1,0
69,70,69,70,21.4709,-64.71,0,1
69,71,69,71,41.1096,-82.7137,0,1
69,72,69,72,58,-84.7187,0,1
69,73,69,73,78.5684,-74.9174,0,1
69,74,69,74,105.119,-75.4608,0,1
69,75,69,DSO,1621.41,-134.612,1,0
69,76,69,Market,1621.41,-102.487,0.15,1
70,71,70,71,20.8087,-65.587,0,1
70,72,70,72,37.8021,-71.1144,0,1
70,73,70,73,58.0517,-90.6588,0,1
70,74,70,74,84.22,-97.8256,0,1
70,75,70,DSO,1641.95,-126.768,1,0
70,76,70,Market,1641.95,-118.936,1,0
71,72,71,72,17.0294,-73.0704,0,1
71,73,71,73,37.4833,-98.0859,0,1
71,74,71,74,64.0312,-102.214,0.03,1
71,75,71,DSO,1662.43,-105.876,1,0
71,76,71,Market,1662.43,-115.78,1,0
72,73,72,73,20.6155,-83.1444,0,1
72,74,72,74,47.4342,-84.4594,0,1
72,75,72,DSO,1679.4,-97.5565,0,1
72,76,72,Market,1679.4,-104.247,0.4,1
73,74,73,74,26.9258,-80.9275,0,1
73,75,73,DSO,1699.91,-121.999,1,0
73,76,73,Market,1699.91,-130.814,1,0
74,75,74,DSO,1726.12,-101.42,0.03,1
74,76,74,Market,1726.12,-135.783,1,0
75,76,DSO,Market,0,0,0,1
